id,token_id,name,last_sale_total_price,last_sale_event_type,last_sale_auction_type,last_sale_event_timestamp,last_sale_quantity,asset_contract_address,asset_contract_created_date,asset_contract_name,asset_contract_schema_name,collection_creation_date,collection_discord_url,collection_name,collection_slug,owner_address
85742877,10484,Parallel Masterpiece // Alpha // Battle-hardened Warrior,"","","","","",0x76be3b62873462d2142405439777e971754e8e77,2021-02-26T03:34:03.730090,parallel,ERC1155,"",https://discord.gg/parallelalpha,Parallel Alpha,parallelalpha,""
85742873,10483,Battle-hardened Warrior [SE],34990000000000000,successful,"",2021-11-12T03:00:43,1,0x76be3b62873462d2142405439777e971754e8e77,2021-02-26T03:34:03.730090,parallel,ERC1155,"",https://discord.gg/parallelalpha,Parallel Alpha,parallelalpha,""
85725490,10482,Battle-hardened Warrior,"","","","","",0x76be3b62873462d2142405439777e971754e8e77,2021-02-26T03:34:03.730090,parallel,ERC1155,"",https://discord.gg/parallelalpha,Parallel Alpha,parallelalpha,""
85146281,10480,Parallel Logo Collectible Card Back,1100000000000000000,successful,"",2021-11-11T21:54:41,1,0x76be3b62873462d2142405439777e971754e8e77,2021-02-26T03:34:03.730090,parallel,ERC1155,"",https://discord.gg/parallelalpha,Parallel Alpha,parallelalpha,""
85146277,10479,EMP Shockwave Collectible Card Back,1475000000000000000,successful,"",2021-11-10T13:15:55,1,0x76be3b62873462d2142405439777e971754e8e77,2021-02-26T03:34:03.730090,parallel,ERC1155,"",https://discord.gg/parallelalpha,Parallel Alpha,parallelalpha,""
85146283,10478,Unnatural Selection Collectible Card Back,1900000000000000000,successful,"",2021-11-10T17:34:41,1,0x76be3b62873462d2142405439777e971754e8e77,2021-02-26T03:34:03.730090,parallel,ERC1155,"",https://discord.gg/parallelalpha,Parallel Alpha,parallelalpha,""
85146279,10477,Kamuy Mask Collectible Card Back,1950000000000000000,successful,"",2021-11-12T06:57:52,1,0x76be3b62873462d2142405439777e971754e8e77,2021-02-26T03:34:03.730090,parallel,ERC1155,"",https://discord.gg/parallelalpha,Parallel Alpha,parallelalpha,""
85099133,10476,Jury-Rigged Juggernaut Collectible Card Back,1750000000000000000,successful,"",2021-11-10T17:34:52,1,0x76be3b62873462d2142405439777e971754e8e77,2021-02-26T03:34:03.730090,parallel,ERC1155,"",https://discord.gg/parallelalpha,Parallel Alpha,parallelalpha,""
85097675,10475,Fluid Dynamics Art Card,"","","","","",0x76be3b62873462d2142405439777e971754e8e77,2021-02-26T03:34:03.730090,parallel,ERC1155,"",https://discord.gg/parallelalpha,Parallel Alpha,parallelalpha,""
85096204,10473,Parallel Masterpiece // Alpha // Seer's Stone,"","","","","",0x76be3b62873462d2142405439777e971754e8e77,2021-02-26T03:34:03.730090,parallel,ERC1155,"",https://discord.gg/parallelalpha,Parallel Alpha,parallelalpha,""
85092008,10472,Parallel Masterpiece // Alpha // Infused Core,"","","","","",0x76be3b62873462d2142405439777e971754e8e77,2021-02-26T03:34:03.730090,parallel,ERC1155,"",https://discord.gg/parallelalpha,Parallel Alpha,parallelalpha,""
85090885,10471,Parallel Masterpiece // Alpha // EMP Shockwave,"","","","","",0x76be3b62873462d2142405439777e971754e8e77,2021-02-26T03:34:03.730090,parallel,ERC1155,"",https://discord.gg/parallelalpha,Parallel Alpha,parallelalpha,""
85085755,10470,Parallel Masterpiece // Alpha // The Staff of Shoshanna,"","","","","",0x76be3b62873462d2142405439777e971754e8e77,2021-02-26T03:34:03.730090,parallel,ERC1155,"",https://discord.gg/parallelalpha,Parallel Alpha,parallelalpha,""
85083978,10469,Infused Core [PL],455000000000000000,successful,"",2021-11-12T21:10:55,1,0x76be3b62873462d2142405439777e971754e8e77,2021-02-26T03:34:03.730090,parallel,ERC1155,"",https://discord.gg/parallelalpha,Parallel Alpha,parallelalpha,""
85080791,10467,Seer's Stone [PL],465000000000000000,successful,"",2021-11-12T23:50:11,1,0x76be3b62873462d2142405439777e971754e8e77,2021-02-26T03:34:03.730090,parallel,ERC1155,"",https://discord.gg/parallelalpha,Parallel Alpha,parallelalpha,""
85077232,10466,EMP Shockwave [PL],150000000000000000,successful,"",2021-11-13T05:19:51,1,0x76be3b62873462d2142405439777e971754e8e77,2021-02-26T03:34:03.730090,parallel,ERC1155,"",https://discord.gg/parallelalpha,Parallel Alpha,parallelalpha,""
85069232,10465,The Staff of Shoshanna [PL],200000000000000000,successful,"",2021-11-13T00:38:00,1,0x76be3b62873462d2142405439777e971754e8e77,2021-02-26T03:34:03.730090,parallel,ERC1155,"",https://discord.gg/parallelalpha,Parallel Alpha,parallelalpha,""
84424912,10464,The Core,11500000000000000000,successful,"",2021-11-12T07:56:23,1,0x76be3b62873462d2142405439777e971754e8e77,2021-02-26T03:34:03.730090,parallel,ERC1155,"",https://discord.gg/parallelalpha,Parallel Alpha,parallelalpha,""
84396937,10455,EMP Shockwave Concept Art Card,5200000000000000000,successful,"",2021-11-03T17:19:21,1,0x76be3b62873462d2142405439777e971754e8e77,2021-02-26T03:34:03.730090,parallel,ERC1155,"",https://discord.gg/parallelalpha,Parallel Alpha,parallelalpha,""
84384647,10454,Singularity Steward Concept Art,6000000000000000000,successful,"",2021-11-01T11:21:06,1,0x76be3b62873462d2142405439777e971754e8e77,2021-02-26T03:34:03.730090,parallel,ERC1155,"",https://discord.gg/parallelalpha,Parallel Alpha,parallelalpha,""
84383248,10453,Honored Steward Concept Art Card,6500000000000000000,successful,"",2021-11-10T21:46:41,1,0x76be3b62873462d2142405439777e971754e8e77,2021-02-26T03:34:03.730090,parallel,ERC1155,"",https://discord.gg/parallelalpha,Parallel Alpha,parallelalpha,""
84382542,10452,Dark Allure Concept Art Card,7000000000000000000,successful,"",2021-10-31T23:18:07,1,0x76be3b62873462d2142405439777e971754e8e77,2021-02-26T03:34:03.730090,parallel,ERC1155,"",https://discord.gg/parallelalpha,Parallel Alpha,parallelalpha,""
84382302,10451,"Brand, Steward Eternal Art Card",5000000000000000000,successful,"",2021-11-10T20:50:40,1,0x76be3b62873462d2142405439777e971754e8e77,2021-02-26T03:34:03.730090,parallel,ERC1155,"",https://discord.gg/parallelalpha,Parallel Alpha,parallelalpha,""
84382301,10450,Maritus Concept Art Card,"","","","","",0x76be3b62873462d2142405439777e971754e8e77,2021-02-26T03:34:03.730090,parallel,ERC1155,"",https://discord.gg/parallelalpha,Parallel Alpha,parallelalpha,""
84379427,10449,Juggernaut Workshop Art Card,6140000000000000000,successful,"",2021-11-02T23:47:32,1,0x76be3b62873462d2142405439777e971754e8e77,2021-02-26T03:34:03.730090,parallel,ERC1155,"",https://discord.gg/parallelalpha,Parallel Alpha,parallelalpha,""
84378118,10448,"Arak, Combat Overseer Art Card",8000000000000000000,successful,"",2021-11-08T16:39:24,1,0x76be3b62873462d2142405439777e971754e8e77,2021-02-26T03:34:03.730090,parallel,ERC1155,"",https://discord.gg/parallelalpha,Parallel Alpha,parallelalpha,""
84371478,10447,Assembly Foreman [SE],60000000000000000,successful,"",2021-11-12T10:05:29,1,0x76be3b62873462d2142405439777e971754e8e77,2021-02-26T03:34:03.730090,parallel,ERC1155,"",https://discord.gg/parallelalpha,Parallel Alpha,parallelalpha,""
84369735,10446,Assembly Foreman,56400000000000000,successful,"",2021-11-12T10:16:05,2,0x76be3b62873462d2142405439777e971754e8e77,2021-02-26T03:34:03.730090,parallel,ERC1155,"",https://discord.gg/parallelalpha,Parallel Alpha,parallelalpha,""
84367002,10445,Data Breach,195000000000000000,successful,"",2021-11-13T02:43:05,1,0x76be3b62873462d2142405439777e971754e8e77,2021-02-26T03:34:03.730090,parallel,ERC1155,"",https://discord.gg/parallelalpha,Parallel Alpha,parallelalpha,""
84359199,10444,Data Breach [SE],600000000000000000,successful,"",2021-11-10T22:16:39,1,0x76be3b62873462d2142405439777e971754e8e77,2021-02-26T03:34:03.730090,parallel,ERC1155,"",https://discord.gg/parallelalpha,Parallel Alpha,parallelalpha,""
84328817,10438,Parallel Masterpiece // Alpha // Assembly Foreman,"","","","","",0x76be3b62873462d2142405439777e971754e8e77,2021-02-26T03:34:03.730090,parallel,ERC1155,"",https://discord.gg/parallelalpha,Parallel Alpha,parallelalpha,""
84327111,10437,Parallel Masterpiece // Alpha // Unfair Advantage,88000000000000000000,successful,"",2021-11-06T18:59:57,1,0x76be3b62873462d2142405439777e971754e8e77,2021-02-26T03:34:03.730090,parallel,ERC1155,"",https://discord.gg/parallelalpha,Parallel Alpha,parallelalpha,""
83385848,10433,Parallel Masterpiece // Alpha // Scanner Probe,"","","","","",0x76be3b62873462d2142405439777e971754e8e77,2021-02-26T03:34:03.730090,parallel,ERC1155,"",https://discord.gg/parallelalpha,Parallel Alpha,parallelalpha,""
83384420,10432,Parallel Masterpiece // Alpha // Mantis Corsair,"","","","","",0x76be3b62873462d2142405439777e971754e8e77,2021-02-26T03:34:03.730090,parallel,ERC1155,"",https://discord.gg/parallelalpha,Parallel Alpha,parallelalpha,""
83384421,10431,Parallel Masterpiece // Alpha // Memento of the Fallen,"","","","","",0x76be3b62873462d2142405439777e971754e8e77,2021-02-26T03:34:03.730090,parallel,ERC1155,"",https://discord.gg/parallelalpha,Parallel Alpha,parallelalpha,""
83381854,10430,Parallel Masterpiece // Alpha // Life Stream,"","","","","",0x76be3b62873462d2142405439777e971754e8e77,2021-02-26T03:34:03.730090,parallel,ERC1155,"",https://discord.gg/parallelalpha,Parallel Alpha,parallelalpha,""
83351445,10427,Parallel Masterpiece // Alpha // Data Breach,85000000000000000000,successful,"",2021-11-01T06:06:25,1,0x76be3b62873462d2142405439777e971754e8e77,2021-02-26T03:34:03.730090,parallel,ERC1155,"",https://discord.gg/parallelalpha,Parallel Alpha,parallelalpha,""
83351116,10426,Parallel Masterpiece // Alpha // Annihilate,99000000000000000000,successful,"",2021-11-02T13:36:37,1,0x76be3b62873462d2142405439777e971754e8e77,2021-02-26T03:34:03.730090,parallel,ERC1155,"",https://discord.gg/parallelalpha,Parallel Alpha,parallelalpha,""
83350929,10425,Parallel Masterpiece // Alpha // Spider Drone,"","","","","",0x76be3b62873462d2142405439777e971754e8e77,2021-02-26T03:34:03.730090,parallel,ERC1155,"",https://discord.gg/parallelalpha,Parallel Alpha,parallelalpha,""
83350934,10424,Parallel Masterpiece // Alpha // Spectre Attack Craft,"","","","","",0x76be3b62873462d2142405439777e971754e8e77,2021-02-26T03:34:03.730090,parallel,ERC1155,"",https://discord.gg/parallelalpha,Parallel Alpha,parallelalpha,""
83350931,10423,Parallel Masterpiece // Alpha // Singularity Steward,"","","","","",0x76be3b62873462d2142405439777e971754e8e77,2021-02-26T03:34:03.730090,parallel,ERC1155,"",https://discord.gg/parallelalpha,Parallel Alpha,parallelalpha,""
83350651,10422,Parallel Masterpiece // Alpha // Honored Steward,"","","","","",0x76be3b62873462d2142405439777e971754e8e77,2021-02-26T03:34:03.730090,parallel,ERC1155,"",https://discord.gg/parallelalpha,Parallel Alpha,parallelalpha,""
83350253,10421,Parallel Masterpiece // Alpha // Fanatical Crewman,"","","","","",0x76be3b62873462d2142405439777e971754e8e77,2021-02-26T03:34:03.730090,parallel,ERC1155,"",https://discord.gg/parallelalpha,Parallel Alpha,parallelalpha,""
83348325,10420,Parallel Masterpiece // Alpha // Dark Allure,"","","","","",0x76be3b62873462d2142405439777e971754e8e77,2021-02-26T03:34:03.730090,parallel,ERC1155,"",https://discord.gg/parallelalpha,Parallel Alpha,parallelalpha,""
83348120,10419,Parallel Masterpiece // Alpha // Unstable Drone,"","","","","",0x76be3b62873462d2142405439777e971754e8e77,2021-02-26T03:34:03.730090,parallel,ERC1155,"",https://discord.gg/parallelalpha,Parallel Alpha,parallelalpha,""
83348121,10418,Parallel Masterpiece // Alpha // Trigger-happy Trooper,"","","","","",0x76be3b62873462d2142405439777e971754e8e77,2021-02-26T03:34:03.730090,parallel,ERC1155,"",https://discord.gg/parallelalpha,Parallel Alpha,parallelalpha,""
83348117,10417,Parallel Masterpiece // Alpha // Ruthless Sergeant,"","","","","",0x76be3b62873462d2142405439777e971754e8e77,2021-02-26T03:34:03.730090,parallel,ERC1155,"",https://discord.gg/parallelalpha,Parallel Alpha,parallelalpha,""
83348112,10416,Parallel Masterpiece // Alpha // Interrogation Tools,"","","","","",0x76be3b62873462d2142405439777e971754e8e77,2021-02-26T03:34:03.730090,parallel,ERC1155,"",https://discord.gg/parallelalpha,Parallel Alpha,parallelalpha,""
83348119,10415,Parallel Masterpiece // Alpha // Claymore Artillery Gun,"","","","","",0x76be3b62873462d2142405439777e971754e8e77,2021-02-26T03:34:03.730090,parallel,ERC1155,"",https://discord.gg/parallelalpha,Parallel Alpha,parallelalpha,""
83348116,10414,Parallel Masterpiece // Alpha // Unnatural Selection,"","","","","",0x76be3b62873462d2142405439777e971754e8e77,2021-02-26T03:34:03.730090,parallel,ERC1155,"",https://discord.gg/parallelalpha,Parallel Alpha,parallelalpha,""
83348131,10413,Parallel Masterpiece // Alpha // Tome of Aetio,"","","","","",0x76be3b62873462d2142405439777e971754e8e77,2021-02-26T03:34:03.730090,parallel,ERC1155,"",https://discord.gg/parallelalpha,Parallel Alpha,parallelalpha,""
83348110,10412,"Parallel Masterpiece // Alpha // Maritus, Aetian Recombinant","","","","","",0x76be3b62873462d2142405439777e971754e8e77,2021-02-26T03:34:03.730090,parallel,ERC1155,"",https://discord.gg/parallelalpha,Parallel Alpha,parallelalpha,""
83348107,10411,"Parallel Masterpiece // Alpha // Magna, Tempest's Will","","","","","",0x76be3b62873462d2142405439777e971754e8e77,2021-02-26T03:34:03.730090,parallel,ERC1155,"",https://discord.gg/parallelalpha,Parallel Alpha,parallelalpha,""
83348115,10410,Parallel Masterpiece // Alpha // Hydrolist Chamber,"","","","","",0x76be3b62873462d2142405439777e971754e8e77,2021-02-26T03:34:03.730090,parallel,ERC1155,"",https://discord.gg/parallelalpha,Parallel Alpha,parallelalpha,""
83348109,10408,Parallel Masterpiece // Alpha // Kamuy Protector,"","","","","",0x76be3b62873462d2142405439777e971754e8e77,2021-02-26T03:34:03.730090,parallel,ERC1155,"",https://discord.gg/parallelalpha,Parallel Alpha,parallelalpha,""
83348106,10407,Parallel Masterpiece // Alpha // Doctor's Assistant,"","","","","",0x76be3b62873462d2142405439777e971754e8e77,2021-02-26T03:34:03.730090,parallel,ERC1155,"",https://discord.gg/parallelalpha,Parallel Alpha,parallelalpha,""
83348111,10406,Parallel Masterpiece // Alpha // Cleanse the Earth,"","","","","",0x76be3b62873462d2142405439777e971754e8e77,2021-02-26T03:34:03.730090,parallel,ERC1155,"",https://discord.gg/parallelalpha,Parallel Alpha,parallelalpha,""
83348108,10405,Parallel Masterpiece // Alpha // Aurora Fungi,"","","","","",0x76be3b62873462d2142405439777e971754e8e77,2021-02-26T03:34:03.730090,parallel,ERC1155,"",https://discord.gg/parallelalpha,Parallel Alpha,parallelalpha,""
83348105,10404,Parallel Masterpiece // Alpha // THUNDR-01 Munitions,"","","","","",0x76be3b62873462d2142405439777e971754e8e77,2021-02-26T03:34:03.730090,parallel,ERC1155,"",https://discord.gg/parallelalpha,Parallel Alpha,parallelalpha,""
83347627,10403,Parallel Masterpiece // Alpha // Scanner Array,"","","","","",0x76be3b62873462d2142405439777e971754e8e77,2021-02-26T03:34:03.730090,parallel,ERC1155,"",https://discord.gg/parallelalpha,Parallel Alpha,parallelalpha,""
83347628,10402,Parallel Masterpiece // Alpha // Kill Switch,"","","","","",0x76be3b62873462d2142405439777e971754e8e77,2021-02-26T03:34:03.730090,parallel,ERC1155,"",https://discord.gg/parallelalpha,Parallel Alpha,parallelalpha,""
83347619,10400,Parallel Masterpiece // Alpha // Jury-Rigged Juggernaut,"","","","","",0x76be3b62873462d2142405439777e971754e8e77,2021-02-26T03:34:03.730090,parallel,ERC1155,"",https://discord.gg/parallelalpha,Parallel Alpha,parallelalpha,""
82570160,10399,Parallel Masterpiece // Alpha // Enhanced Blueprints,"","","","","",0x76be3b62873462d2142405439777e971754e8e77,2021-02-26T03:34:03.730090,parallel,ERC1155,"",https://discord.gg/parallelalpha,Parallel Alpha,parallelalpha,""
82563762,10398,Mantis Corsair [SE],12800000000000000,successful,"",2021-11-13T02:41:30,1,0x76be3b62873462d2142405439777e971754e8e77,2021-02-26T03:34:03.730090,parallel,ERC1155,"",https://discord.gg/parallelalpha,Parallel Alpha,parallelalpha,""
82563766,10397,Mantis Corsair,"","","","","",0x76be3b62873462d2142405439777e971754e8e77,2021-02-26T03:34:03.730090,parallel,ERC1155,"",https://discord.gg/parallelalpha,Parallel Alpha,parallelalpha,""
82563756,10396,"Magna, Tempest's Will [SE]",700000000000000000,successful,"",2021-11-12T23:31:41,1,0x76be3b62873462d2142405439777e971754e8e77,2021-02-26T03:34:03.730090,parallel,ERC1155,"",https://discord.gg/parallelalpha,Parallel Alpha,parallelalpha,""
82563757,10395,"Magna, Tempest's Will",336900000000000000,successful,"",2021-11-12T19:25:27,1,0x76be3b62873462d2142405439777e971754e8e77,2021-02-26T03:34:03.730090,parallel,ERC1155,"",https://discord.gg/parallelalpha,Parallel Alpha,parallelalpha,""
82563759,10394,Unfair Advantage [SE],22000000000000000,successful,"",2021-11-11T03:02:23,1,0x76be3b62873462d2142405439777e971754e8e77,2021-02-26T03:34:03.730090,parallel,ERC1155,"",https://discord.gg/parallelalpha,Parallel Alpha,parallelalpha,""
82563748,10393,Unfair Advantage,"","","","","",0x76be3b62873462d2142405439777e971754e8e77,2021-02-26T03:34:03.730090,parallel,ERC1155,"",https://discord.gg/parallelalpha,Parallel Alpha,parallelalpha,""
82563753,10392,Infused Core [SE],85000000000000000,successful,"",2021-11-12T19:10:58,1,0x76be3b62873462d2142405439777e971754e8e77,2021-02-26T03:34:03.730090,parallel,ERC1155,"",https://discord.gg/parallelalpha,Parallel Alpha,parallelalpha,""
82563747,10391,Infused Core,6900000000000000,successful,"",2021-11-13T02:47:59,1,0x76be3b62873462d2142405439777e971754e8e77,2021-02-26T03:34:03.730090,parallel,ERC1155,"",https://discord.gg/parallelalpha,Parallel Alpha,parallelalpha,""
82550504,10389,Seer's Stone [SE],200000000000000000,successful,"",2021-11-13T05:08:34,2,0x76be3b62873462d2142405439777e971754e8e77,2021-02-26T03:34:03.730090,parallel,ERC1155,"",https://discord.gg/parallelalpha,Parallel Alpha,parallelalpha,""
82549111,10388,Seer's Stone,6900000000000000,successful,"",2021-11-13T04:25:49,1,0x76be3b62873462d2142405439777e971754e8e77,2021-02-26T03:34:03.730090,parallel,ERC1155,"",https://discord.gg/parallelalpha,Parallel Alpha,parallelalpha,""
82546109,10385,EMP Shockwave [SE],22000000000000000,successful,"",2021-11-12T20:47:45,1,0x76be3b62873462d2142405439777e971754e8e77,2021-02-26T03:34:03.730090,parallel,ERC1155,"",https://discord.gg/parallelalpha,Parallel Alpha,parallelalpha,""
82544295,10384,EMP Shockwave,"","","","","",0x76be3b62873462d2142405439777e971754e8e77,2021-02-26T03:34:03.730090,parallel,ERC1155,"",https://discord.gg/parallelalpha,Parallel Alpha,parallelalpha,""
81986246,10379,The Staff of Shoshanna [SE],31000000000000000,successful,"",2021-11-12T12:46:37,1,0x76be3b62873462d2142405439777e971754e8e77,2021-02-26T03:34:03.730090,parallel,ERC1155,"",https://discord.gg/parallelalpha,Parallel Alpha,parallelalpha,""
81984855,10378,The Staff of Shoshanna,"","","","","",0x76be3b62873462d2142405439777e971754e8e77,2021-02-26T03:34:03.730090,parallel,ERC1155,"",https://discord.gg/parallelalpha,Parallel Alpha,parallelalpha,""
77527664,10376,Parallel Masterpiece // Alpha // Paradigm Shift,"","","","","",0x76be3b62873462d2142405439777e971754e8e77,2021-02-26T03:34:03.730090,parallel,ERC1155,"",https://discord.gg/parallelalpha,Parallel Alpha,parallelalpha,""
77526408,10375,Paradigm Shift [SE],106000000000000000,successful,"",2021-11-10T14:39:10,1,0x76be3b62873462d2142405439777e971754e8e77,2021-02-26T03:34:03.730090,parallel,ERC1155,"",https://discord.gg/parallelalpha,Parallel Alpha,parallelalpha,""
77524872,10374,Paradigm Shift [SE],119000000000000000,successful,"",2021-11-10T10:09:33,1,0x76be3b62873462d2142405439777e971754e8e77,2021-02-26T03:34:03.730090,parallel,ERC1155,"",https://discord.gg/parallelalpha,Parallel Alpha,parallelalpha,""
77517590,10372,Paradigm Shift,10000000000000000,successful,"",2021-11-13T05:24:52,1,0x76be3b62873462d2142405439777e971754e8e77,2021-02-26T03:34:03.730090,parallel,ERC1155,"",https://discord.gg/parallelalpha,Parallel Alpha,parallelalpha,""
77517587,10371,Paradigm Shift,11000000000000000,successful,"",2021-11-13T02:48:38,1,0x76be3b62873462d2142405439777e971754e8e77,2021-02-26T03:34:03.730090,parallel,ERC1155,"",https://discord.gg/parallelalpha,Parallel Alpha,parallelalpha,""
76482387,10370,Scanner Array [SE],62000000000000000,successful,"",2021-11-12T23:47:52,1,0x76be3b62873462d2142405439777e971754e8e77,2021-02-26T03:34:03.730090,parallel,ERC1155,"",https://discord.gg/parallelalpha,Parallel Alpha,parallelalpha,""
76481849,10369,Scanner Array,"","","","","",0x76be3b62873462d2142405439777e971754e8e77,2021-02-26T03:34:03.730090,parallel,ERC1155,"",https://discord.gg/parallelalpha,Parallel Alpha,parallelalpha,""
76481403,10368,Scanner Array [SE],57000000000000000,successful,"",2021-11-12T15:36:28,1,0x76be3b62873462d2142405439777e971754e8e77,2021-02-26T03:34:03.730090,parallel,ERC1155,"",https://discord.gg/parallelalpha,Parallel Alpha,parallelalpha,""
76481117,10367,Scanner Array,"","","","","",0x76be3b62873462d2142405439777e971754e8e77,2021-02-26T03:34:03.730090,parallel,ERC1155,"",https://discord.gg/parallelalpha,Parallel Alpha,parallelalpha,""
76474407,10366,Memento of the Fallen [SE],1800000000000000000,successful,"",2021-11-13T04:39:13,1,0x76be3b62873462d2142405439777e971754e8e77,2021-02-26T03:34:03.730090,parallel,ERC1155,"",https://discord.gg/parallelalpha,Parallel Alpha,parallelalpha,""
76472304,10365,Memento of the Fallen,1599000000000000000,successful,"",2021-11-13T05:04:00,1,0x76be3b62873462d2142405439777e971754e8e77,2021-02-26T03:34:03.730090,parallel,ERC1155,"",https://discord.gg/parallelalpha,Parallel Alpha,parallelalpha,""
76471705,10364,Memento of the Fallen [SE],2000000000000000000,successful,"",2021-11-10T22:26:21,1,0x76be3b62873462d2142405439777e971754e8e77,2021-02-26T03:34:03.730090,parallel,ERC1155,"",https://discord.gg/parallelalpha,Parallel Alpha,parallelalpha,""
76471062,10363,Memento of the Fallen,1480000000000000000,successful,"",2021-11-12T20:11:49,1,0x76be3b62873462d2142405439777e971754e8e77,2021-02-26T03:34:03.730090,parallel,ERC1155,"",https://discord.gg/parallelalpha,Parallel Alpha,parallelalpha,""
76464047,10362,Tome of Aetio [SE],55000000000000000,successful,"",2021-11-12T09:17:07,1,0x76be3b62873462d2142405439777e971754e8e77,2021-02-26T03:34:03.730090,parallel,ERC1155,"",https://discord.gg/parallelalpha,Parallel Alpha,parallelalpha,""
76450321,10361,Tome of Aetio,"","","","","",0x76be3b62873462d2142405439777e971754e8e77,2021-02-26T03:34:03.730090,parallel,ERC1155,"",https://discord.gg/parallelalpha,Parallel Alpha,parallelalpha,""
76450322,10360,Tome of Aetio [SE],3200000000000000,successful,"",2021-11-10T15:12:42,1,0x76be3b62873462d2142405439777e971754e8e77,2021-02-26T03:34:03.730090,parallel,ERC1155,"",https://discord.gg/parallelalpha,Parallel Alpha,parallelalpha,""
76450317,10359,Tome of Aetio,"","","","","",0x76be3b62873462d2142405439777e971754e8e77,2021-02-26T03:34:03.730090,parallel,ERC1155,"",https://discord.gg/parallelalpha,Parallel Alpha,parallelalpha,""
75824007,10357,Scanner Probe [SE],650000000000000000,successful,"",2021-11-12T23:58:07,1,0x76be3b62873462d2142405439777e971754e8e77,2021-02-26T03:34:03.730090,parallel,ERC1155,"",https://discord.gg/parallelalpha,Parallel Alpha,parallelalpha,""
75823658,10356,Scanner Probe,185000000000000000,successful,"",2021-11-12T18:35:57,1,0x76be3b62873462d2142405439777e971754e8e77,2021-02-26T03:34:03.730090,parallel,ERC1155,"",https://discord.gg/parallelalpha,Parallel Alpha,parallelalpha,""
75823653,10355,Life Stream [SE],15800000000000000,successful,"",2021-11-12T17:09:51,1,0x76be3b62873462d2142405439777e971754e8e77,2021-02-26T03:34:03.730090,parallel,ERC1155,"",https://discord.gg/parallelalpha,Parallel Alpha,parallelalpha,""
75823660,10354,Life Stream,"","","","","",0x76be3b62873462d2142405439777e971754e8e77,2021-02-26T03:34:03.730090,parallel,ERC1155,"",https://discord.gg/parallelalpha,Parallel Alpha,parallelalpha,""
75817528,10353,Data Breach [SE],"","","","","",0x76be3b62873462d2142405439777e971754e8e77,2021-02-26T03:34:03.730090,parallel,ERC1155,"",https://discord.gg/parallelalpha,Parallel Alpha,parallelalpha,""
75815767,10352,Data Breach,"","","","","",0x76be3b62873462d2142405439777e971754e8e77,2021-02-26T03:34:03.730090,parallel,ERC1155,"",https://discord.gg/parallelalpha,Parallel Alpha,parallelalpha,""
75815609,10351,Annihilate [SE],150000000000000000,successful,"",2021-11-12T15:42:15,1,0x76be3b62873462d2142405439777e971754e8e77,2021-02-26T03:34:03.730090,parallel,ERC1155,"",https://discord.gg/parallelalpha,Parallel Alpha,parallelalpha,""
75814464,10350,Annihilate,8790000000000000,successful,"",2021-11-13T05:21:09,1,0x76be3b62873462d2142405439777e971754e8e77,2021-02-26T03:34:03.730090,parallel,ERC1155,"",https://discord.gg/parallelalpha,Parallel Alpha,parallelalpha,""
75810195,10349,Spider Drone [SE],26000000000000000,successful,"",2021-11-12T10:40:12,1,0x76be3b62873462d2142405439777e971754e8e77,2021-02-26T03:34:03.730090,parallel,ERC1155,"",https://discord.gg/parallelalpha,Parallel Alpha,parallelalpha,""
75809200,10348,Spider Drone,"","","","","",0x76be3b62873462d2142405439777e971754e8e77,2021-02-26T03:34:03.730090,parallel,ERC1155,"",https://discord.gg/parallelalpha,Parallel Alpha,parallelalpha,""
75805639,10347,Spectre Attack Craft [SE],100000000000000000,successful,"",2021-11-12T22:42:36,1,0x76be3b62873462d2142405439777e971754e8e77,2021-02-26T03:34:03.730090,parallel,ERC1155,"",https://discord.gg/parallelalpha,Parallel Alpha,parallelalpha,""
75802986,10346,Spectre Attack Craft,7990000000000000,successful,"",2021-11-13T05:18:33,1,0x76be3b62873462d2142405439777e971754e8e77,2021-02-26T03:34:03.730090,parallel,ERC1155,"",https://discord.gg/parallelalpha,Parallel Alpha,parallelalpha,""
75801614,10345,Singularity Steward [SE],12000000000000000,successful,"",2021-11-12T21:10:28,1,0x76be3b62873462d2142405439777e971754e8e77,2021-02-26T03:34:03.730090,parallel,ERC1155,"",https://discord.gg/parallelalpha,Parallel Alpha,parallelalpha,""
75801027,10344,Singularity Steward,"","","","","",0x76be3b62873462d2142405439777e971754e8e77,2021-02-26T03:34:03.730090,parallel,ERC1155,"",https://discord.gg/parallelalpha,Parallel Alpha,parallelalpha,""
75798831,10343,Honored Steward [SE],17000000000000000,successful,"",2021-11-12T13:11:22,1,0x76be3b62873462d2142405439777e971754e8e77,2021-02-26T03:34:03.730090,parallel,ERC1155,"",https://discord.gg/parallelalpha,Parallel Alpha,parallelalpha,""
75798826,10342,Honored Steward,"","","","","",0x76be3b62873462d2142405439777e971754e8e77,2021-02-26T03:34:03.730090,parallel,ERC1155,"",https://discord.gg/parallelalpha,Parallel Alpha,parallelalpha,""
75796798,10341,Fanatical Crewman [SE],19000000000000000,successful,"",2021-11-13T04:39:59,1,0x76be3b62873462d2142405439777e971754e8e77,2021-02-26T03:34:03.730090,parallel,ERC1155,"",https://discord.gg/parallelalpha,Parallel Alpha,parallelalpha,""
75795879,10340,Fanatical Crewman,"","","","","",0x76be3b62873462d2142405439777e971754e8e77,2021-02-26T03:34:03.730090,parallel,ERC1155,"",https://discord.gg/parallelalpha,Parallel Alpha,parallelalpha,""
75793867,10339,Dark Allure [SE],20000000000000000,successful,"",2021-11-13T02:39:31,1,0x76be3b62873462d2142405439777e971754e8e77,2021-02-26T03:34:03.730090,parallel,ERC1155,"",https://discord.gg/parallelalpha,Parallel Alpha,parallelalpha,""
75793866,10338,Dark Allure,"","","","","",0x76be3b62873462d2142405439777e971754e8e77,2021-02-26T03:34:03.730090,parallel,ERC1155,"",https://discord.gg/parallelalpha,Parallel Alpha,parallelalpha,""
75793865,10337,Unstable Drone [SE],12000000000000000,successful,"",2021-11-12T11:41:30,1,0x76be3b62873462d2142405439777e971754e8e77,2021-02-26T03:34:03.730090,parallel,ERC1155,"",https://discord.gg/parallelalpha,Parallel Alpha,parallelalpha,""
75793868,10336,Unstable Drone,"","","","","",0x76be3b62873462d2142405439777e971754e8e77,2021-02-26T03:34:03.730090,parallel,ERC1155,"",https://discord.gg/parallelalpha,Parallel Alpha,parallelalpha,""
75785712,10335,Trigger-happy Trooper [SE],41000000000000000,successful,"",2021-11-13T00:41:47,1,0x76be3b62873462d2142405439777e971754e8e77,2021-02-26T03:34:03.730090,parallel,ERC1155,"",https://discord.gg/parallelalpha,Parallel Alpha,parallelalpha,""
75785554,10334,Trigger-happy Trooper,"","","","","",0x76be3b62873462d2142405439777e971754e8e77,2021-02-26T03:34:03.730090,parallel,ERC1155,"",https://discord.gg/parallelalpha,Parallel Alpha,parallelalpha,""
75785552,10333,Ruthless Sergeant [SE],25000000000000000,successful,"",2021-11-12T10:25:06,1,0x76be3b62873462d2142405439777e971754e8e77,2021-02-26T03:34:03.730090,parallel,ERC1155,"",https://discord.gg/parallelalpha,Parallel Alpha,parallelalpha,""
75784285,10332,Ruthless Sergeant,"","","","","",0x76be3b62873462d2142405439777e971754e8e77,2021-02-26T03:34:03.730090,parallel,ERC1155,"",https://discord.gg/parallelalpha,Parallel Alpha,parallelalpha,""
75783405,10331,Interrogation Tools [SE],53000000000000000,successful,"",2021-11-12T11:31:08,1,0x76be3b62873462d2142405439777e971754e8e77,2021-02-26T03:34:03.730090,parallel,ERC1155,"",https://discord.gg/parallelalpha,Parallel Alpha,parallelalpha,""
75782887,10330,Interrogation Tools,"","","","","",0x76be3b62873462d2142405439777e971754e8e77,2021-02-26T03:34:03.730090,parallel,ERC1155,"",https://discord.gg/parallelalpha,Parallel Alpha,parallelalpha,""
75781684,10329,Claymore Artillery Gun [SE],57000000000000000,successful,"",2021-11-12T23:33:23,1,0x76be3b62873462d2142405439777e971754e8e77,2021-02-26T03:34:03.730090,parallel,ERC1155,"",https://discord.gg/parallelalpha,Parallel Alpha,parallelalpha,""
75781038,10328,Claymore Artillery Gun,"","","","","",0x76be3b62873462d2142405439777e971754e8e77,2021-02-26T03:34:03.730090,parallel,ERC1155,"",https://discord.gg/parallelalpha,Parallel Alpha,parallelalpha,""
75779475,10327,Unnatural Selection [SE],22800000000000000,successful,"",2021-11-13T03:41:05,1,0x76be3b62873462d2142405439777e971754e8e77,2021-02-26T03:34:03.730090,parallel,ERC1155,"",https://discord.gg/parallelalpha,Parallel Alpha,parallelalpha,""
75778641,10326,Unnatural Selection,"","","","","",0x76be3b62873462d2142405439777e971754e8e77,2021-02-26T03:34:03.730090,parallel,ERC1155,"",https://discord.gg/parallelalpha,Parallel Alpha,parallelalpha,""
75778034,10325,"Maritus, Aetian Recombinant [SE]",850000000000000000,successful,"",2021-11-10T22:28:25,1,0x76be3b62873462d2142405439777e971754e8e77,2021-02-26T03:34:03.730090,parallel,ERC1155,"",https://discord.gg/parallelalpha,Parallel Alpha,parallelalpha,""
75778032,10324,"Maritus, Aetian Recombinant",268000000000000000,successful,"",2021-11-12T19:24:03,1,0x76be3b62873462d2142405439777e971754e8e77,2021-02-26T03:34:03.730090,parallel,ERC1155,"",https://discord.gg/parallelalpha,Parallel Alpha,parallelalpha,""
75778033,10323,Hydrolist Chamber [SE],19000000000000000,successful,"",2021-11-13T05:37:49,1,0x76be3b62873462d2142405439777e971754e8e77,2021-02-26T03:34:03.730090,parallel,ERC1155,"",https://discord.gg/parallelalpha,Parallel Alpha,parallelalpha,""
75775967,10322,Hydrolist Chamber,"","","","","",0x76be3b62873462d2142405439777e971754e8e77,2021-02-26T03:34:03.730090,parallel,ERC1155,"",https://discord.gg/parallelalpha,Parallel Alpha,parallelalpha,""
75614849,10321,Cleanse the Earth [SE],98000000000000000,successful,"",2021-11-12T15:16:12,1,0x76be3b62873462d2142405439777e971754e8e77,2021-02-26T03:34:03.730090,parallel,ERC1155,"",https://discord.gg/parallelalpha,Parallel Alpha,parallelalpha,""
75613993,10320,Cleanse the Earth,8000000000000000,successful,"",2021-11-13T01:03:27,1,0x76be3b62873462d2142405439777e971754e8e77,2021-02-26T03:34:03.730090,parallel,ERC1155,"",https://discord.gg/parallelalpha,Parallel Alpha,parallelalpha,""
75593805,10319,Kamuy Protector [SE],110000000000000000,successful,"",2021-11-13T05:28:11,2,0x76be3b62873462d2142405439777e971754e8e77,2021-02-26T03:34:03.730090,parallel,ERC1155,"",https://discord.gg/parallelalpha,Parallel Alpha,parallelalpha,""
75593813,10318,Kamuy Protector,"","","","","",0x76be3b62873462d2142405439777e971754e8e77,2021-02-26T03:34:03.730090,parallel,ERC1155,"",https://discord.gg/parallelalpha,Parallel Alpha,parallelalpha,""
75593811,10317,Doctor's Assistant [SE],25000000000000000,successful,"",2021-11-11T13:22:45,1,0x76be3b62873462d2142405439777e971754e8e77,2021-02-26T03:34:03.730090,parallel,ERC1155,"",https://discord.gg/parallelalpha,Parallel Alpha,parallelalpha,""
75558763,10316,Doctor's Assistant,"","","","","",0x76be3b62873462d2142405439777e971754e8e77,2021-02-26T03:34:03.730090,parallel,ERC1155,"",https://discord.gg/parallelalpha,Parallel Alpha,parallelalpha,""
75519362,10315,THUNDR-01 Munitions [SE],52000000000000000,successful,"",2021-11-12T11:31:08,1,0x76be3b62873462d2142405439777e971754e8e77,2021-02-26T03:34:03.730090,parallel,ERC1155,"",https://discord.gg/parallelalpha,Parallel Alpha,parallelalpha,""
75515036,10314,THUNDR-01 Munitions,"","","","","",0x76be3b62873462d2142405439777e971754e8e77,2021-02-26T03:34:03.730090,parallel,ERC1155,"",https://discord.gg/parallelalpha,Parallel Alpha,parallelalpha,""
75497877,10313,Kill Switch,"","","","","",0x76be3b62873462d2142405439777e971754e8e77,2021-02-26T03:34:03.730090,parallel,ERC1155,"",https://discord.gg/parallelalpha,Parallel Alpha,parallelalpha,""
75090944,10312,Kill Switch [SE],41000000000000000,successful,"",2021-11-10T12:15:00,1,0x76be3b62873462d2142405439777e971754e8e77,2021-02-26T03:34:03.730090,parallel,ERC1155,"",https://discord.gg/parallelalpha,Parallel Alpha,parallelalpha,""
75065590,10310,Jury-Rigged Juggernaut [SE],705000000000000000,successful,"",2021-11-12T14:09:59,1,0x76be3b62873462d2142405439777e971754e8e77,2021-02-26T03:34:03.730090,parallel,ERC1155,"",https://discord.gg/parallelalpha,Parallel Alpha,parallelalpha,""
75064871,10309,Jury-Rigged Juggernaut,284000000000000000,successful,"",2021-11-12T19:23:22,1,0x76be3b62873462d2142405439777e971754e8e77,2021-02-26T03:34:03.730090,parallel,ERC1155,"",https://discord.gg/parallelalpha,Parallel Alpha,parallelalpha,""
75062510,10308,Enhanced Blueprints [SE],96000000000000000,successful,"",2021-11-12T08:24:11,1,0x76be3b62873462d2142405439777e971754e8e77,2021-02-26T03:34:03.730090,parallel,ERC1155,"",https://discord.gg/parallelalpha,Parallel Alpha,parallelalpha,""
73706406,10307,Enhanced Blueprints,9990000000000000,successful,"",2021-11-12T11:53:00,1,0x76be3b62873462d2142405439777e971754e8e77,2021-02-26T03:34:03.730090,parallel,ERC1155,"",https://discord.gg/parallelalpha,Parallel Alpha,parallelalpha,""
41347934,10306,Galaxy Key,9200000000000000000,successful,"",2021-11-12T23:35:49,1,0x76be3b62873462d2142405439777e971754e8e77,2021-02-26T03:34:03.730090,parallel,ERC1155,"",https://discord.gg/parallelalpha,Parallel Alpha,parallelalpha,""
41346003,10305,Rug Pull Art Card,"","","","","",0x76be3b62873462d2142405439777e971754e8e77,2021-02-26T03:34:03.730090,parallel,ERC1155,"",https://discord.gg/parallelalpha,Parallel Alpha,parallelalpha,""
41345868,10304,Rug Pull Art Card,6000000000000000000,successful,"",2021-08-28T15:35:18,1,0x76be3b62873462d2142405439777e971754e8e77,2021-02-26T03:34:03.730090,parallel,ERC1155,"",https://discord.gg/parallelalpha,Parallel Alpha,parallelalpha,""
41341066,10303,Rug Pull Art Card,"","","","","",0x76be3b62873462d2142405439777e971754e8e77,2021-02-26T03:34:03.730090,parallel,ERC1155,"",https://discord.gg/parallelalpha,Parallel Alpha,parallelalpha,""
41335144,10302,Rug Poll [SE],120000000000000000,successful,"",2021-11-08T13:47:12,1,0x76be3b62873462d2142405439777e971754e8e77,2021-02-26T03:34:03.730090,parallel,ERC1155,"",https://discord.gg/parallelalpha,Parallel Alpha,parallelalpha,""
41334701,10301,Rug Poll [SE],95000000000000000,successful,"",2021-11-10T04:33:04,1,0x76be3b62873462d2142405439777e971754e8e77,2021-02-26T03:34:03.730090,parallel,ERC1155,"",https://discord.gg/parallelalpha,Parallel Alpha,parallelalpha,""
33780183,10300,Parallel Masterpiece // Alpha // Eye of Galli,87000000000000000000,successful,"",2021-08-14T10:14:16,1,0x76be3b62873462d2142405439777e971754e8e77,2021-02-26T03:34:03.730090,parallel,ERC1155,"",https://discord.gg/parallelalpha,Parallel Alpha,parallelalpha,""
33771641,10299,Smuggled Supplies,"","","","","",0x76be3b62873462d2142405439777e971754e8e77,2021-02-26T03:34:03.730090,parallel,ERC1155,"",https://discord.gg/parallelalpha,Parallel Alpha,parallelalpha,""
33759583,10298,Backup Copy,"","","","","",0x76be3b62873462d2142405439777e971754e8e77,2021-02-26T03:34:03.730090,parallel,ERC1155,"",https://discord.gg/parallelalpha,Parallel Alpha,parallelalpha,""
33759582,10297,G.R.A.U.L [SE],140000000000000000,successful,"",2021-11-12T07:04:06,1,0x76be3b62873462d2142405439777e971754e8e77,2021-02-26T03:34:03.730090,parallel,ERC1155,"",https://discord.gg/parallelalpha,Parallel Alpha,parallelalpha,""
33755552,10296,Smuggled Supplies [SE],46000000000000000,successful,"",2021-11-12T02:24:36,1,0x76be3b62873462d2142405439777e971754e8e77,2021-02-26T03:34:03.730090,parallel,ERC1155,"",https://discord.gg/parallelalpha,Parallel Alpha,parallelalpha,""
33740104,10295,Seeing Triple [SE],46800000000000000,successful,"",2021-11-08T11:51:54,1,0x76be3b62873462d2142405439777e971754e8e77,2021-02-26T03:34:03.730090,parallel,ERC1155,"",https://discord.gg/parallelalpha,Parallel Alpha,parallelalpha,""
33732955,10294,Eye of Galli [PL],2100000000000000000,successful,"",2021-11-12T17:05:47,1,0x76be3b62873462d2142405439777e971754e8e77,2021-02-26T03:34:03.730090,parallel,ERC1155,"",https://discord.gg/parallelalpha,Parallel Alpha,parallelalpha,""
33732947,10293,Eye of Galli [PL],2390000000000000000,successful,"",2021-11-11T22:28:18,1,0x76be3b62873462d2142405439777e971754e8e77,2021-02-26T03:34:03.730090,parallel,ERC1155,"",https://discord.gg/parallelalpha,Parallel Alpha,parallelalpha,""
33732262,10292,Strength of Mars [PL],188000000000000000,successful,"",2021-11-13T05:08:12,1,0x76be3b62873462d2142405439777e971754e8e77,2021-02-26T03:34:03.730090,parallel,ERC1155,"",https://discord.gg/parallelalpha,Parallel Alpha,parallelalpha,""
33731608,10291,Repurposed Hardware [SE],69000000000000000,successful,"",2021-11-12T09:55:43,1,0x76be3b62873462d2142405439777e971754e8e77,2021-02-26T03:34:03.730090,parallel,ERC1155,"",https://discord.gg/parallelalpha,Parallel Alpha,parallelalpha,""
33731497,10290,Repurposed Hardware [SE],99000000000000000,successful,"",2021-11-08T01:06:47,1,0x76be3b62873462d2142405439777e971754e8e77,2021-02-26T03:34:03.730090,parallel,ERC1155,"",https://discord.gg/parallelalpha,Parallel Alpha,parallelalpha,""
33730060,10289,Change of Heart [SE],75000000000000000,successful,"",2021-11-10T01:59:58,1,0x76be3b62873462d2142405439777e971754e8e77,2021-02-26T03:34:03.730090,parallel,ERC1155,"",https://discord.gg/parallelalpha,Parallel Alpha,parallelalpha,""
33729814,10288,Change of Heart [SE],95000000000000000,successful,"",2021-11-08T03:45:17,1,0x76be3b62873462d2142405439777e971754e8e77,2021-02-26T03:34:03.730090,parallel,ERC1155,"",https://discord.gg/parallelalpha,Parallel Alpha,parallelalpha,""
33729191,10287,Collateral Damage [SE],74000000000000000,successful,"",2021-11-06T23:46:18,1,0x76be3b62873462d2142405439777e971754e8e77,2021-02-26T03:34:03.730090,parallel,ERC1155,"",https://discord.gg/parallelalpha,Parallel Alpha,parallelalpha,""
33729192,10286,Collateral Damage [SE],70000000000000000,successful,"",2021-11-08T12:34:38,1,0x76be3b62873462d2142405439777e971754e8e77,2021-02-26T03:34:03.730090,parallel,ERC1155,"",https://discord.gg/parallelalpha,Parallel Alpha,parallelalpha,""
33721327,10285,Eye of Galli [SE],389000000000000000,successful,"",2021-11-12T15:48:42,1,0x76be3b62873462d2142405439777e971754e8e77,2021-02-26T03:34:03.730090,parallel,ERC1155,"",https://discord.gg/parallelalpha,Parallel Alpha,parallelalpha,""
33721131,10284,Warden [SE],95000000000000000,successful,"",2021-11-08T13:17:40,1,0x76be3b62873462d2142405439777e971754e8e77,2021-02-26T03:34:03.730090,parallel,ERC1155,"",https://discord.gg/parallelalpha,Parallel Alpha,parallelalpha,""
33720054,10280,Parallel Masterpiece // Alpha // Smuggled Supplies,64000000000000000000,successful,"",2021-08-03T15:39:03,1,0x76be3b62873462d2142405439777e971754e8e77,2021-02-26T03:34:03.730090,parallel,ERC1155,"",https://discord.gg/parallelalpha,Parallel Alpha,parallelalpha,""
33716079,10279,Backup Copy [SE],35800000000000000,successful,"",2021-11-08T17:47:21,1,0x76be3b62873462d2142405439777e971754e8e77,2021-02-26T03:34:03.730090,parallel,ERC1155,"",https://discord.gg/parallelalpha,Parallel Alpha,parallelalpha,""
33715343,10277,Parallel Masterpiece // Alpha // Backup Copy,"","","","","",0x76be3b62873462d2142405439777e971754e8e77,2021-02-26T03:34:03.730090,parallel,ERC1155,"",https://discord.gg/parallelalpha,Parallel Alpha,parallelalpha,""
33712910,10276,Star Chart [SE],172000000000000000,successful,"",2021-11-12T12:39:31,1,0x76be3b62873462d2142405439777e971754e8e77,2021-02-26T03:34:03.730090,parallel,ERC1155,"",https://discord.gg/parallelalpha,Parallel Alpha,parallelalpha,""
33712884,10275,Star Chart,10000000000000000,successful,"",2021-11-13T00:50:22,1,0x76be3b62873462d2142405439777e971754e8e77,2021-02-26T03:34:03.730090,parallel,ERC1155,"",https://discord.gg/parallelalpha,Parallel Alpha,parallelalpha,""
33712186,10273,Parallel Masterpiece // Alpha // Star Chart,105000000000000000000,successful,"",2021-08-14T21:26:31,1,0x76be3b62873462d2142405439777e971754e8e77,2021-02-26T03:34:03.730090,parallel,ERC1155,"",https://discord.gg/parallelalpha,Parallel Alpha,parallelalpha,""
33711448,10271,Seeing Triple,"","","","","",0x76be3b62873462d2142405439777e971754e8e77,2021-02-26T03:34:03.730090,parallel,ERC1155,"",https://discord.gg/parallelalpha,Parallel Alpha,parallelalpha,""
33711125,10270,Parallel Masterpiece // Alpha // Seeing Triple,33000000000000000000,successful,"",2021-08-03T00:47:41,1,0x76be3b62873462d2142405439777e971754e8e77,2021-02-26T03:34:03.730090,parallel,ERC1155,"",https://discord.gg/parallelalpha,Parallel Alpha,parallelalpha,""
33710561,10268,G.R.A.U.L,8990000000000000,successful,"",2021-11-12T16:25:49,1,0x76be3b62873462d2142405439777e971754e8e77,2021-02-26T03:34:03.730090,parallel,ERC1155,"",https://discord.gg/parallelalpha,Parallel Alpha,parallelalpha,""
33710057,10267,Parallel Masterpiece // Alpha // G.R.A.U.L,"","","","","",0x76be3b62873462d2142405439777e971754e8e77,2021-02-26T03:34:03.730090,parallel,ERC1155,"",https://discord.gg/parallelalpha,Parallel Alpha,parallelalpha,""
33709186,10266,Trade Secrets [SE],840000000000000000,successful,"",2021-11-11T14:53:01,1,0x76be3b62873462d2142405439777e971754e8e77,2021-02-26T03:34:03.730090,parallel,ERC1155,"",https://discord.gg/parallelalpha,Parallel Alpha,parallelalpha,""
33708357,10265,Trade Secrets,142000000000000000,successful,"",2021-11-11T17:39:50,1,0x76be3b62873462d2142405439777e971754e8e77,2021-02-26T03:34:03.730090,parallel,ERC1155,"",https://discord.gg/parallelalpha,Parallel Alpha,parallelalpha,""
33708033,10264,Parallel Masterpiece // Alpha // Trade Secrets,63000000000000000000,successful,"",2021-08-13T12:36:51,1,0x76be3b62873462d2142405439777e971754e8e77,2021-02-26T03:34:03.730090,parallel,ERC1155,"",https://discord.gg/parallelalpha,Parallel Alpha,parallelalpha,""
33705672,10263,Cost of Creation [SE],90000000000000000,successful,"",2021-11-12T07:51:37,1,0x76be3b62873462d2142405439777e971754e8e77,2021-02-26T03:34:03.730090,parallel,ERC1155,"",https://discord.gg/parallelalpha,Parallel Alpha,parallelalpha,""
33705319,10262,Cost of Creation,8990000000000000,successful,"",2021-11-12T23:35:38,1,0x76be3b62873462d2142405439777e971754e8e77,2021-02-26T03:34:03.730090,parallel,ERC1155,"",https://discord.gg/parallelalpha,Parallel Alpha,parallelalpha,""
33704838,10261,Parallel Masterpiece // Alpha // Cost of Creation,16000000000000000000,successful,"",2021-08-02T00:26:51,1,0x76be3b62873462d2142405439777e971754e8e77,2021-02-26T03:34:03.730090,parallel,ERC1155,"",https://discord.gg/parallelalpha,Parallel Alpha,parallelalpha,""
33700282,10260,Eye of Galli [SE],440000000000000000,successful,"",2021-11-08T21:15:35,1,0x76be3b62873462d2142405439777e971754e8e77,2021-02-26T03:34:03.730090,parallel,ERC1155,"",https://discord.gg/parallelalpha,Parallel Alpha,parallelalpha,""
33697745,10259,Eye of Galli,48000000000000000,successful,"",2021-11-11T11:18:47,1,0x76be3b62873462d2142405439777e971754e8e77,2021-02-26T03:34:03.730090,parallel,ERC1155,"",https://discord.gg/parallelalpha,Parallel Alpha,parallelalpha,""
33697182,10258,Eye of Galli,75000000000000000,successful,"",2021-11-08T21:22:34,1,0x76be3b62873462d2142405439777e971754e8e77,2021-02-26T03:34:03.730090,parallel,ERC1155,"",https://discord.gg/parallelalpha,Parallel Alpha,parallelalpha,""
33695780,10256,Void Crystal [SE],105000000000000000,successful,"",2021-11-09T22:41:43,1,0x76be3b62873462d2142405439777e971754e8e77,2021-02-26T03:34:03.730090,parallel,ERC1155,"",https://discord.gg/parallelalpha,Parallel Alpha,parallelalpha,""
33695547,10255,Void Crystal [SE],90000000000000000,successful,"",2021-11-10T08:31:28,1,0x76be3b62873462d2142405439777e971754e8e77,2021-02-26T03:34:03.730090,parallel,ERC1155,"",https://discord.gg/parallelalpha,Parallel Alpha,parallelalpha,""
33694441,10254,Void Crystal,"","","","","",0x76be3b62873462d2142405439777e971754e8e77,2021-02-26T03:34:03.730090,parallel,ERC1155,"",https://discord.gg/parallelalpha,Parallel Alpha,parallelalpha,""
33693976,10253,Void Crystal,"","","","","",0x76be3b62873462d2142405439777e971754e8e77,2021-02-26T03:34:03.730090,parallel,ERC1155,"",https://discord.gg/parallelalpha,Parallel Alpha,parallelalpha,""
33692962,10252,Warden [SE],94000000000000000,successful,"",2021-11-12T23:39:15,1,0x76be3b62873462d2142405439777e971754e8e77,2021-02-26T03:34:03.730090,parallel,ERC1155,"",https://discord.gg/parallelalpha,Parallel Alpha,parallelalpha,""
33692520,10251,Warden,"","","","","",0x76be3b62873462d2142405439777e971754e8e77,2021-02-26T03:34:03.730090,parallel,ERC1155,"",https://discord.gg/parallelalpha,Parallel Alpha,parallelalpha,""
33692519,10250,Warden,"","","","","",0x76be3b62873462d2142405439777e971754e8e77,2021-02-26T03:34:03.730090,parallel,ERC1155,"",https://discord.gg/parallelalpha,Parallel Alpha,parallelalpha,""
33690786,10249,Gaia's Call [SE],1800000000000000000,successful,"",2021-11-12T12:38:25,1,0x76be3b62873462d2142405439777e971754e8e77,2021-02-26T03:34:03.730090,parallel,ERC1155,"",https://discord.gg/parallelalpha,Parallel Alpha,parallelalpha,""
33690390,10248,Gaia's Call [SE],2300000000000000000,successful,"",2021-11-09T21:41:31,1,0x76be3b62873462d2142405439777e971754e8e77,2021-02-26T03:34:03.730090,parallel,ERC1155,"",https://discord.gg/parallelalpha,Parallel Alpha,parallelalpha,""
33689541,10247,Gaia's Call,988000000000000000,successful,"",2021-11-10T17:41:01,1,0x76be3b62873462d2142405439777e971754e8e77,2021-02-26T03:34:03.730090,parallel,ERC1155,"",https://discord.gg/parallelalpha,Parallel Alpha,parallelalpha,""
33689542,10246,Gaia's Call,900000000000000000,successful,"",2021-11-10T17:38:34,1,0x76be3b62873462d2142405439777e971754e8e77,2021-02-26T03:34:03.730090,parallel,ERC1155,"",https://discord.gg/parallelalpha,Parallel Alpha,parallelalpha,""
33689539,10245,The Tree of Nehemiah [SE],186900000000000000,successful,"",2021-11-09T22:47:24,1,0x76be3b62873462d2142405439777e971754e8e77,2021-02-26T03:34:03.730090,parallel,ERC1155,"",https://discord.gg/parallelalpha,Parallel Alpha,parallelalpha,""
33689538,10244,The Tree of Nehemiah [SE],115000000000000000,successful,"",2021-11-11T00:25:32,1,0x76be3b62873462d2142405439777e971754e8e77,2021-02-26T03:34:03.730090,parallel,ERC1155,"",https://discord.gg/parallelalpha,Parallel Alpha,parallelalpha,""
33688422,10243,The Tree of Nehemiah,"","","","","",0x76be3b62873462d2142405439777e971754e8e77,2021-02-26T03:34:03.730090,parallel,ERC1155,"",https://discord.gg/parallelalpha,Parallel Alpha,parallelalpha,""
33688024,10242,The Tree of Nehemiah,"","","","","",0x76be3b62873462d2142405439777e971754e8e77,2021-02-26T03:34:03.730090,parallel,ERC1155,"",https://discord.gg/parallelalpha,Parallel Alpha,parallelalpha,""
33687624,10241,Pocket Dimension,33000000000000000,successful,"",2021-11-12T12:08:27,1,0x76be3b62873462d2142405439777e971754e8e77,2021-02-26T03:34:03.730090,parallel,ERC1155,"",https://discord.gg/parallelalpha,Parallel Alpha,parallelalpha,""
33687353,10240,Pocket Dimension,46800000000000000,successful,"",2021-11-11T11:08:07,1,0x76be3b62873462d2142405439777e971754e8e77,2021-02-26T03:34:03.730090,parallel,ERC1155,"",https://discord.gg/parallelalpha,Parallel Alpha,parallelalpha,""
33687057,10239,Pocket Dimension [SE],390000000000000000,successful,"",2021-11-11T18:25:50,1,0x76be3b62873462d2142405439777e971754e8e77,2021-02-26T03:34:03.730090,parallel,ERC1155,"",https://discord.gg/parallelalpha,Parallel Alpha,parallelalpha,""
33686840,10238,Pocket Dimension [SE],387000000000000000,successful,"",2021-11-12T15:41:06,1,0x76be3b62873462d2142405439777e971754e8e77,2021-02-26T03:34:03.730090,parallel,ERC1155,"",https://discord.gg/parallelalpha,Parallel Alpha,parallelalpha,""
33686346,10237,Antius's Forecast,"","","","","",0x76be3b62873462d2142405439777e971754e8e77,2021-02-26T03:34:03.730090,parallel,ERC1155,"",https://discord.gg/parallelalpha,Parallel Alpha,parallelalpha,""
33684351,10236,Instant Replicator [SE],126000000000000000,successful,"",2021-11-07T21:43:12,1,0x76be3b62873462d2142405439777e971754e8e77,2021-02-26T03:34:03.730090,parallel,ERC1155,"",https://discord.gg/parallelalpha,Parallel Alpha,parallelalpha,""
33684156,10235,Instant Replicator,7000000000000000,successful,"",2021-11-12T23:53:52,1,0x76be3b62873462d2142405439777e971754e8e77,2021-02-26T03:34:03.730090,parallel,ERC1155,"",https://discord.gg/parallelalpha,Parallel Alpha,parallelalpha,""
33682964,10234,Parallel Masterpiece // Alpha // Instant Replicator,94500000000000000000,successful,"",2021-08-14T09:00:21,1,0x76be3b62873462d2142405439777e971754e8e77,2021-02-26T03:34:03.730090,parallel,ERC1155,"",https://discord.gg/parallelalpha,Parallel Alpha,parallelalpha,""
33563820,10230,Warden Collectible Card Back,1250000000000000000,successful,"",2021-11-02T01:39:43,1,0x76be3b62873462d2142405439777e971754e8e77,2021-02-26T03:34:03.730090,parallel,ERC1155,"",https://discord.gg/parallelalpha,Parallel Alpha,parallelalpha,""
33563612,10229,Marcolian Logo Collectible Card Back,1700000000000000000,successful,"",2021-11-04T15:54:00,1,0x76be3b62873462d2142405439777e971754e8e77,2021-02-26T03:34:03.730090,parallel,ERC1155,"",https://discord.gg/parallelalpha,Parallel Alpha,parallelalpha,""
33563614,10228,Shroud Logo Collectible Card Back,1800000000000000000,successful,"",2021-11-03T19:18:26,1,0x76be3b62873462d2142405439777e971754e8e77,2021-02-26T03:34:03.730090,parallel,ERC1155,"",https://discord.gg/parallelalpha,Parallel Alpha,parallelalpha,""
33563616,10227,Kathari Logo Collectible Card Back,1999900000000000000,successful,"",2021-11-07T14:03:13,1,0x76be3b62873462d2142405439777e971754e8e77,2021-02-26T03:34:03.730090,parallel,ERC1155,"",https://discord.gg/parallelalpha,Parallel Alpha,parallelalpha,""
33563610,10226,Earthen Logo Collectible Card Back,2850000000000000000,successful,"",2021-11-05T12:55:26,1,0x76be3b62873462d2142405439777e971754e8e77,2021-02-26T03:34:03.730090,parallel,ERC1155,"",https://discord.gg/parallelalpha,Parallel Alpha,parallelalpha,""
33563613,10225,Shroud Clear Void Crystal Collectible Card Back,2990000000000000000,successful,"",2021-11-04T06:29:02,1,0x76be3b62873462d2142405439777e971754e8e77,2021-02-26T03:34:03.730090,parallel,ERC1155,"",https://discord.gg/parallelalpha,Parallel Alpha,parallelalpha,""
33562495,10224,Augencore Logo Collectible Card Back,1000000000000000000,successful,"",2021-11-07T03:31:04,1,0x76be3b62873462d2142405439777e971754e8e77,2021-02-26T03:34:03.730090,parallel,ERC1155,"",https://discord.gg/parallelalpha,Parallel Alpha,parallelalpha,""
33547199,10223,New Dawn Art Card,20000000000000000000,successful,"",2021-08-17T02:36:24,1,0x76be3b62873462d2142405439777e971754e8e77,2021-02-26T03:34:03.730090,parallel,ERC1155,"",https://discord.gg/parallelalpha,Parallel Alpha,parallelalpha,""
33546789,10222,MEV Stone Concept Art Card,20000000000000000000,successful,"",2021-11-08T18:14:49,1,0x76be3b62873462d2142405439777e971754e8e77,2021-02-26T03:34:03.730090,parallel,ERC1155,"",https://discord.gg/parallelalpha,Parallel Alpha,parallelalpha,""
33544606,10221,"Soleia, Disciple of Gaffar Concept Art Card",11000000000000000000,successful,"",2021-08-03T08:22:19,1,0x76be3b62873462d2142405439777e971754e8e77,2021-02-26T03:34:03.730090,parallel,ERC1155,"",https://discord.gg/parallelalpha,Parallel Alpha,parallelalpha,""
33544053,10220,Pocket Dimension 02 Concept Art Card,13000000000000000000,successful,"",2021-08-17T02:36:24,1,0x76be3b62873462d2142405439777e971754e8e77,2021-02-26T03:34:03.730090,parallel,ERC1155,"",https://discord.gg/parallelalpha,Parallel Alpha,parallelalpha,""
33543054,10219,Pocket Dimension 01 Concept Art Card,7350000000000000000,successful,"",2021-08-13T01:14:06,1,0x76be3b62873462d2142405439777e971754e8e77,2021-02-26T03:34:03.730090,parallel,ERC1155,"",https://discord.gg/parallelalpha,Parallel Alpha,parallelalpha,""
33542444,10218,New Dawn Concept Art Card,22000000000000000000,successful,"",2021-08-03T23:08:05,1,0x76be3b62873462d2142405439777e971754e8e77,2021-02-26T03:34:03.730090,parallel,ERC1155,"",https://discord.gg/parallelalpha,Parallel Alpha,parallelalpha,""
33541853,10217,Malachite Shield Concept Art Card,11000000000000000000,successful,"",2021-08-05T11:37:00,1,0x76be3b62873462d2142405439777e971754e8e77,2021-02-26T03:34:03.730090,parallel,ERC1155,"",https://discord.gg/parallelalpha,Parallel Alpha,parallelalpha,""
33541191,10216,"Gaffar, Arbiter of Earth Concept Art Card",14800000000000000000,successful,"",2021-09-01T22:49:39,1,0x76be3b62873462d2142405439777e971754e8e77,2021-02-26T03:34:03.730090,parallel,ERC1155,"",https://discord.gg/parallelalpha,Parallel Alpha,parallelalpha,""
33540659,10215,Foundry Technician Concept Art Card,34000000000000000000,successful,"",2021-08-21T18:49:12,1,0x76be3b62873462d2142405439777e971754e8e77,2021-02-26T03:34:03.730090,parallel,ERC1155,"",https://discord.gg/parallelalpha,Parallel Alpha,parallelalpha,""
33538509,10214,Change of Heart Concept Art Card,34000000000000000000,successful,"",2021-08-21T17:50:28,1,0x76be3b62873462d2142405439777e971754e8e77,2021-02-26T03:34:03.730090,parallel,ERC1155,"",https://discord.gg/parallelalpha,Parallel Alpha,parallelalpha,""
33534980,10213,Reliant Gamma,"","","","","",0x76be3b62873462d2142405439777e971754e8e77,2021-02-26T03:34:03.730090,parallel,ERC1155,"",https://discord.gg/parallelalpha,Parallel Alpha,parallelalpha,""
33534973,10212,Foundry Technician,"","","","","",0x76be3b62873462d2142405439777e971754e8e77,2021-02-26T03:34:03.730090,parallel,ERC1155,"",https://discord.gg/parallelalpha,Parallel Alpha,parallelalpha,""
33533882,10210,Tabula Rasa,8900000000000000,successful,"",2021-11-12T23:47:28,1,0x76be3b62873462d2142405439777e971754e8e77,2021-02-26T03:34:03.730090,parallel,ERC1155,"",https://discord.gg/parallelalpha,Parallel Alpha,parallelalpha,""
33533508,10208,Antius's Forecast [SE],35900000000000000,successful,"",2021-11-13T00:12:48,1,0x76be3b62873462d2142405439777e971754e8e77,2021-02-26T03:34:03.730090,parallel,ERC1155,"",https://discord.gg/parallelalpha,Parallel Alpha,parallelalpha,""
33532838,10207,Mechanize,7900000000000000,successful,"",2021-11-13T03:32:34,1,0x76be3b62873462d2142405439777e971754e8e77,2021-02-26T03:34:03.730090,parallel,ERC1155,"",https://discord.gg/parallelalpha,Parallel Alpha,parallelalpha,""
33532723,10206,Mechanize [SE],86000000000000000,successful,"",2021-11-12T06:59:34,1,0x76be3b62873462d2142405439777e971754e8e77,2021-02-26T03:34:03.730090,parallel,ERC1155,"",https://discord.gg/parallelalpha,Parallel Alpha,parallelalpha,""
33532583,10205,Parallel Masterpiece // Alpha // Mechanize,60000000000000000000,successful,"",2021-08-03T15:51:23,1,0x76be3b62873462d2142405439777e971754e8e77,2021-02-26T03:34:03.730090,parallel,ERC1155,"",https://discord.gg/parallelalpha,Parallel Alpha,parallelalpha,""
33532029,10202,Repurposed Hardware,"","","","","",0x76be3b62873462d2142405439777e971754e8e77,2021-02-26T03:34:03.730090,parallel,ERC1155,"",https://discord.gg/parallelalpha,Parallel Alpha,parallelalpha,""
33531923,10201,Repurposed Hardware,"","","","","",0x76be3b62873462d2142405439777e971754e8e77,2021-02-26T03:34:03.730090,parallel,ERC1155,"",https://discord.gg/parallelalpha,Parallel Alpha,parallelalpha,""
33531327,10200,Collateral Damage,"","","","","",0x76be3b62873462d2142405439777e971754e8e77,2021-02-26T03:34:03.730090,parallel,ERC1155,"",https://discord.gg/parallelalpha,Parallel Alpha,parallelalpha,""
33531043,10199,Collateral Damage,"","","","","",0x76be3b62873462d2142405439777e971754e8e77,2021-02-26T03:34:03.730090,parallel,ERC1155,"",https://discord.gg/parallelalpha,Parallel Alpha,parallelalpha,""
33528013,10194,Parallel Masterpiece // Alpha // Collateral Damage,60000000000000000000,successful,"",2021-08-06T18:08:56,1,0x76be3b62873462d2142405439777e971754e8e77,2021-02-26T03:34:03.730090,parallel,ERC1155,"",https://discord.gg/parallelalpha,Parallel Alpha,parallelalpha,""
33527053,10193,Change of Heart,"","","","","",0x76be3b62873462d2142405439777e971754e8e77,2021-02-26T03:34:03.730090,parallel,ERC1155,"",https://discord.gg/parallelalpha,Parallel Alpha,parallelalpha,""
33526840,10192,Change of Heart,"","","","","",0x76be3b62873462d2142405439777e971754e8e77,2021-02-26T03:34:03.730090,parallel,ERC1155,"",https://discord.gg/parallelalpha,Parallel Alpha,parallelalpha,""
33526096,10190,Parallel Masterpiece // Alpha // Change of Heart,"","","","","",0x76be3b62873462d2142405439777e971754e8e77,2021-02-26T03:34:03.730090,parallel,ERC1155,"",https://discord.gg/parallelalpha,Parallel Alpha,parallelalpha,""
33452753,10189,Earthbreaker Cannon [SE],900000000000000000,successful,"",2021-11-12T04:44:13,1,0x76be3b62873462d2142405439777e971754e8e77,2021-02-26T03:34:03.730090,parallel,ERC1155,"",https://discord.gg/parallelalpha,Parallel Alpha,parallelalpha,""
33452430,10187,Earthbreaker Cannon,200000000000000000,successful,"",2021-11-08T21:15:35,1,0x76be3b62873462d2142405439777e971754e8e77,2021-02-26T03:34:03.730090,parallel,ERC1155,"",https://discord.gg/parallelalpha,Parallel Alpha,parallelalpha,""
33451361,10186,Parallel Masterpiece // Alpha // Earthbreaker Cannon,"","","","","",0x76be3b62873462d2142405439777e971754e8e77,2021-02-26T03:34:03.730090,parallel,ERC1155,"",https://discord.gg/parallelalpha,Parallel Alpha,parallelalpha,""
33449005,10185,Ocular Implant [SE],46000000000000000,successful,"",2021-11-12T11:30:41,1,0x76be3b62873462d2142405439777e971754e8e77,2021-02-26T03:34:03.730090,parallel,ERC1155,"",https://discord.gg/parallelalpha,Parallel Alpha,parallelalpha,""
33448736,10184,Ocular Implant,"","","","","",0x76be3b62873462d2142405439777e971754e8e77,2021-02-26T03:34:03.730090,parallel,ERC1155,"",https://discord.gg/parallelalpha,Parallel Alpha,parallelalpha,""
33447965,10183,Parallel Masterpiece // Alpha // Ocular Implant,35000000000000000000,successful,"",2021-08-03T17:04:15,1,0x76be3b62873462d2142405439777e971754e8e77,2021-02-26T03:34:03.730090,parallel,ERC1155,"",https://discord.gg/parallelalpha,Parallel Alpha,parallelalpha,""
33447656,10182,Nucleotic Synthesizer [SE],88000000000000000,successful,"",2021-11-10T04:34:39,1,0x76be3b62873462d2142405439777e971754e8e77,2021-02-26T03:34:03.730090,parallel,ERC1155,"",https://discord.gg/parallelalpha,Parallel Alpha,parallelalpha,""
33447111,10181,Nucleotic Synthesizer,13000000000000000,successful,"",2021-11-12T12:43:54,1,0x76be3b62873462d2142405439777e971754e8e77,2021-02-26T03:34:03.730090,parallel,ERC1155,"",https://discord.gg/parallelalpha,Parallel Alpha,parallelalpha,""
33446151,10180,Parallel Masterpiece // Alpha // Nucleotic Synthesizer,"","","","","",0x76be3b62873462d2142405439777e971754e8e77,2021-02-26T03:34:03.730090,parallel,ERC1155,"",https://discord.gg/parallelalpha,Parallel Alpha,parallelalpha,""
33443966,10179,Reality Manipulator [SE],220000000000000000,successful,"",2021-11-11T19:31:44,1,0x76be3b62873462d2142405439777e971754e8e77,2021-02-26T03:34:03.730090,parallel,ERC1155,"",https://discord.gg/parallelalpha,Parallel Alpha,parallelalpha,""
33443844,10178,Reality Manipulator,7000000000000000,successful,"",2021-11-13T00:58:26,1,0x76be3b62873462d2142405439777e971754e8e77,2021-02-26T03:34:03.730090,parallel,ERC1155,"",https://discord.gg/parallelalpha,Parallel Alpha,parallelalpha,""
33443628,10177,Parallel Masterpiece // Alpha // Reality Manipulator,20000000000000000000,successful,"",2021-08-02T14:54:51,1,0x76be3b62873462d2142405439777e971754e8e77,2021-02-26T03:34:03.730090,parallel,ERC1155,"",https://discord.gg/parallelalpha,Parallel Alpha,parallelalpha,""
33443035,10176,Master Poisoner [SE],525000000000000000,successful,"",2021-11-12T18:35:33,3,0x76be3b62873462d2142405439777e971754e8e77,2021-02-26T03:34:03.730090,parallel,ERC1155,"",https://discord.gg/parallelalpha,Parallel Alpha,parallelalpha,""
33442196,10175,Master Poisoner,14399900000000000,successful,"",2021-11-13T02:41:30,1,0x76be3b62873462d2142405439777e971754e8e77,2021-02-26T03:34:03.730090,parallel,ERC1155,"",https://discord.gg/parallelalpha,Parallel Alpha,parallelalpha,""
33441296,10174,Parallel Masterpiece // Alpha // Master Poisoner,"","","","","",0x76be3b62873462d2142405439777e971754e8e77,2021-02-26T03:34:03.730090,parallel,ERC1155,"",https://discord.gg/parallelalpha,Parallel Alpha,parallelalpha,""
33438139,10173,Manipulation Ray [SE],129000000000000000,successful,"",2021-11-12T07:49:18,1,0x76be3b62873462d2142405439777e971754e8e77,2021-02-26T03:34:03.730090,parallel,ERC1155,"",https://discord.gg/parallelalpha,Parallel Alpha,parallelalpha,""
33437636,10172,Manipulation Ray,14000000000000000,successful,"",2021-11-12T12:25:55,1,0x76be3b62873462d2142405439777e971754e8e77,2021-02-26T03:34:03.730090,parallel,ERC1155,"",https://discord.gg/parallelalpha,Parallel Alpha,parallelalpha,""
33437590,10171,Parallel Masterpiece // Alpha // Manipulation Ray,160000000000000000000,successful,"",2021-08-27T12:17:27,1,0x76be3b62873462d2142405439777e971754e8e77,2021-02-26T03:34:03.730090,parallel,ERC1155,"",https://discord.gg/parallelalpha,Parallel Alpha,parallelalpha,""
33437282,10170,Life Well [SE],125000000000000000,successful,"",2021-11-08T18:23:42,1,0x76be3b62873462d2142405439777e971754e8e77,2021-02-26T03:34:03.730090,parallel,ERC1155,"",https://discord.gg/parallelalpha,Parallel Alpha,parallelalpha,""
33437187,10169,Life Well,"","","","","",0x76be3b62873462d2142405439777e971754e8e77,2021-02-26T03:34:03.730090,parallel,ERC1155,"",https://discord.gg/parallelalpha,Parallel Alpha,parallelalpha,""
33436845,10168,Parallel Masterpiece // Alpha // Life Well,"","","","","",0x76be3b62873462d2142405439777e971754e8e77,2021-02-26T03:34:03.730090,parallel,ERC1155,"",https://discord.gg/parallelalpha,Parallel Alpha,parallelalpha,""
33435978,10165,Parallel Masterpiece // Alpha // Pocket Dimension,"","","","","",0x76be3b62873462d2142405439777e971754e8e77,2021-02-26T03:34:03.730090,parallel,ERC1155,"",https://discord.gg/parallelalpha,Parallel Alpha,parallelalpha,""
33435218,10162,Parallel Masterpiece // Alpha // The Tree of Nehemiah,"","","","","",0x76be3b62873462d2142405439777e971754e8e77,2021-02-26T03:34:03.730090,parallel,ERC1155,"",https://discord.gg/parallelalpha,Parallel Alpha,parallelalpha,""
33435037,10161,Foundry Technician [SE],48900000000000000,successful,"",2021-11-08T18:55:41,1,0x76be3b62873462d2142405439777e971754e8e77,2021-02-26T03:34:03.730090,parallel,ERC1155,"",https://discord.gg/parallelalpha,Parallel Alpha,parallelalpha,""
33434624,10160,Parallel Masterpiece // Alpha // Foundry Technician,79000000000,successful,"",2021-08-04T07:37:10,1,0x76be3b62873462d2142405439777e971754e8e77,2021-02-26T03:34:03.730090,parallel,ERC1155,"",https://discord.gg/parallelalpha,Parallel Alpha,parallelalpha,""
33434390,10159,Reliant Gamma [SE],48500000000000000,successful,"",2021-11-12T10:46:47,1,0x76be3b62873462d2142405439777e971754e8e77,2021-02-26T03:34:03.730090,parallel,ERC1155,"",https://discord.gg/parallelalpha,Parallel Alpha,parallelalpha,""
33433936,10158,Parallel Masterpiece // Alpha // Reliant Gamma,65000000000000000000,successful,"",2021-08-04T12:55:26,1,0x76be3b62873462d2142405439777e971754e8e77,2021-02-26T03:34:03.730090,parallel,ERC1155,"",https://discord.gg/parallelalpha,Parallel Alpha,parallelalpha,""
33433670,10157,Entropy's Reach,"","","","","",0x76be3b62873462d2142405439777e971754e8e77,2021-02-26T03:34:03.730090,parallel,ERC1155,"",https://discord.gg/parallelalpha,Parallel Alpha,parallelalpha,""
33433544,10156,Entropy's Reach [SE],44000000000000000,successful,"",2021-11-11T07:15:50,1,0x76be3b62873462d2142405439777e971754e8e77,2021-02-26T03:34:03.730090,parallel,ERC1155,"",https://discord.gg/parallelalpha,Parallel Alpha,parallelalpha,""
33432672,10154,Amperage [SE],86000000000000000,successful,"",2021-11-10T13:26:40,1,0x76be3b62873462d2142405439777e971754e8e77,2021-02-26T03:34:03.730090,parallel,ERC1155,"",https://discord.gg/parallelalpha,Parallel Alpha,parallelalpha,""
33432624,10153,Amperage,9000000000000000,successful,"",2021-11-12T23:47:54,1,0x76be3b62873462d2142405439777e971754e8e77,2021-02-26T03:34:03.730090,parallel,ERC1155,"",https://discord.gg/parallelalpha,Parallel Alpha,parallelalpha,""
33432314,10152,Enthalpy's Grasp [SE],76000000000000000,successful,"",2021-11-12T15:39:08,1,0x76be3b62873462d2142405439777e971754e8e77,2021-02-26T03:34:03.730090,parallel,ERC1155,"",https://discord.gg/parallelalpha,Parallel Alpha,parallelalpha,""
33431823,10151,Paradox [SE],84900000000000000,successful,"",2021-11-12T12:29:04,1,0x76be3b62873462d2142405439777e971754e8e77,2021-02-26T03:34:03.730090,parallel,ERC1155,"",https://discord.gg/parallelalpha,Parallel Alpha,parallelalpha,""
33431786,10150,Paradox,8500000000000000,successful,"",2021-11-13T00:43:09,1,0x76be3b62873462d2142405439777e971754e8e77,2021-02-26T03:34:03.730090,parallel,ERC1155,"",https://discord.gg/parallelalpha,Parallel Alpha,parallelalpha,""
33427752,10145,Parallel Masterpiece // Alpha // Repurposed Hardware,"","","","","",0x76be3b62873462d2142405439777e971754e8e77,2021-02-26T03:34:03.730090,parallel,ERC1155,"",https://discord.gg/parallelalpha,Parallel Alpha,parallelalpha,""
33426980,10144,Genetic Correction [SE],74400000000000000,successful,"",2021-11-08T19:00:17,1,0x76be3b62873462d2142405439777e971754e8e77,2021-02-26T03:34:03.730090,parallel,ERC1155,"",https://discord.gg/parallelalpha,Parallel Alpha,parallelalpha,""
33426744,10143,Genetic Correction,"","","","","",0x76be3b62873462d2142405439777e971754e8e77,2021-02-26T03:34:03.730090,parallel,ERC1155,"",https://discord.gg/parallelalpha,Parallel Alpha,parallelalpha,""
33426578,10142,Demolecularize [SE],39000000000000000,successful,"",2021-11-11T02:24:15,1,0x76be3b62873462d2142405439777e971754e8e77,2021-02-26T03:34:03.730090,parallel,ERC1155,"",https://discord.gg/parallelalpha,Parallel Alpha,parallelalpha,""
33426375,10141,Demolecularize,"","","","","",0x76be3b62873462d2142405439777e971754e8e77,2021-02-26T03:34:03.730090,parallel,ERC1155,"",https://discord.gg/parallelalpha,Parallel Alpha,parallelalpha,""
33426018,10140,Supply Drop [SE],48000000000000000,successful,"",2021-11-13T05:16:49,1,0x76be3b62873462d2142405439777e971754e8e77,2021-02-26T03:34:03.730090,parallel,ERC1155,"",https://discord.gg/parallelalpha,Parallel Alpha,parallelalpha,""
33425925,10139,Supply Drop,"","","","","",0x76be3b62873462d2142405439777e971754e8e77,2021-02-26T03:34:03.730090,parallel,ERC1155,"",https://discord.gg/parallelalpha,Parallel Alpha,parallelalpha,""
33425749,10138,Parallel Masterpiece // Alpha // Supply Drop,55000000000000000000,successful,"",2021-08-08T12:54:41,1,0x76be3b62873462d2142405439777e971754e8e77,2021-02-26T03:34:03.730090,parallel,ERC1155,"",https://discord.gg/parallelalpha,Parallel Alpha,parallelalpha,""
33425404,10137,Strength of Mars [SE],55000000000000000,successful,"",2021-11-10T08:19:13,1,0x76be3b62873462d2142405439777e971754e8e77,2021-02-26T03:34:03.730090,parallel,ERC1155,"",https://discord.gg/parallelalpha,Parallel Alpha,parallelalpha,""
33425301,10136,Strength of Mars,"","","","","",0x76be3b62873462d2142405439777e971754e8e77,2021-02-26T03:34:03.730090,parallel,ERC1155,"",https://discord.gg/parallelalpha,Parallel Alpha,parallelalpha,""
33425269,10135,Parallel Masterpiece // Alpha // Strength of Mars,40000000000000000000,successful,"",2021-08-03T04:26:09,1,0x76be3b62873462d2142405439777e971754e8e77,2021-02-26T03:34:03.730090,parallel,ERC1155,"",https://discord.gg/parallelalpha,Parallel Alpha,parallelalpha,""
33424891,10134,Solar Grenade [SE],97000000000000000,successful,"",2021-11-12T23:04:03,1,0x76be3b62873462d2142405439777e971754e8e77,2021-02-26T03:34:03.730090,parallel,ERC1155,"",https://discord.gg/parallelalpha,Parallel Alpha,parallelalpha,""
33424806,10133,Solar Grenade,9790000000000000,successful,"",2021-11-13T05:19:09,1,0x76be3b62873462d2142405439777e971754e8e77,2021-02-26T03:34:03.730090,parallel,ERC1155,"",https://discord.gg/parallelalpha,Parallel Alpha,parallelalpha,""
33424588,10132,Parallel Masterpiece // Alpha // Solar Grenade,"","","","","",0x76be3b62873462d2142405439777e971754e8e77,2021-02-26T03:34:03.730090,parallel,ERC1155,"",https://discord.gg/parallelalpha,Parallel Alpha,parallelalpha,""
33423594,10127,Parallel Masterpiece // Alpha // Warden,29000000000000000000,successful,"",2021-08-02T23:36:43,1,0x76be3b62873462d2142405439777e971754e8e77,2021-02-26T03:34:03.730090,parallel,ERC1155,"",https://discord.gg/parallelalpha,Parallel Alpha,parallelalpha,""
33423322,10126,Tabula Rasa [SE],135000000000000000,successful,"",2021-11-09T10:17:38,1,0x76be3b62873462d2142405439777e971754e8e77,2021-02-26T03:34:03.730090,parallel,ERC1155,"",https://discord.gg/parallelalpha,Parallel Alpha,parallelalpha,""
33422871,10125,Parallel Masterpiece // Alpha // Tabula Rasa,"","","","","",0x76be3b62873462d2142405439777e971754e8e77,2021-02-26T03:34:03.730090,parallel,ERC1155,"",https://discord.gg/parallelalpha,Parallel Alpha,parallelalpha,""
33422292,10124,Parallel Masterpiece // Alpha // Antius's Forecast,90000000000000000000,successful,"",2021-08-08T23:25:28,1,0x76be3b62873462d2142405439777e971754e8e77,2021-02-26T03:34:03.730090,parallel,ERC1155,"",https://discord.gg/parallelalpha,Parallel Alpha,parallelalpha,""
33421242,10121,Parallel Masterpiece // Alpha // Gaia's Call,16000000000000000000,successful,"",2021-08-01T19:11:32,1,0x76be3b62873462d2142405439777e971754e8e77,2021-02-26T03:34:03.730090,parallel,ERC1155,"",https://discord.gg/parallelalpha,Parallel Alpha,parallelalpha,""
33420247,10120,Lancer Tank [SE],800000000000000000,successful,"",2021-11-12T23:42:11,1,0x76be3b62873462d2142405439777e971754e8e77,2021-02-26T03:34:03.730090,parallel,ERC1155,"",https://discord.gg/parallelalpha,Parallel Alpha,parallelalpha,""
33420143,10119,Lancer Tank,250000000000000000,successful,"",2021-11-11T08:06:12,1,0x76be3b62873462d2142405439777e971754e8e77,2021-02-26T03:34:03.730090,parallel,ERC1155,"",https://discord.gg/parallelalpha,Parallel Alpha,parallelalpha,""
33419945,10117,Enthalpy's Grasp,"","","","","",0x76be3b62873462d2142405439777e971754e8e77,2021-02-26T03:34:03.730090,parallel,ERC1155,"",https://discord.gg/parallelalpha,Parallel Alpha,parallelalpha,""
33419682,10116,Parallel Masterpiece // Alpha // Enthalpy's Grasp,"","","","","",0x76be3b62873462d2142405439777e971754e8e77,2021-02-26T03:34:03.730090,parallel,ERC1155,"",https://discord.gg/parallelalpha,Parallel Alpha,parallelalpha,""
33419258,10115,Reclamator [SE],132000000000000000,successful,"",2021-11-08T11:37:56,1,0x76be3b62873462d2142405439777e971754e8e77,2021-02-26T03:34:03.730090,parallel,ERC1155,"",https://discord.gg/parallelalpha,Parallel Alpha,parallelalpha,""
33419067,10114,Reclamator,8000000000000000,successful,"",2021-11-12T10:06:32,1,0x76be3b62873462d2142405439777e971754e8e77,2021-02-26T03:34:03.730090,parallel,ERC1155,"",https://discord.gg/parallelalpha,Parallel Alpha,parallelalpha,""
33418987,10113,Parallel Masterpiece // Alpha // Reclamator,"","","","","",0x76be3b62873462d2142405439777e971754e8e77,2021-02-26T03:34:03.730090,parallel,ERC1155,"",https://discord.gg/parallelalpha,Parallel Alpha,parallelalpha,""
33418577,10112,"Soleia, Disciple of Gaffar [SE]",1040000000000000000,successful,"",2021-11-10T14:25:11,1,0x76be3b62873462d2142405439777e971754e8e77,2021-02-26T03:34:03.730090,parallel,ERC1155,"",https://discord.gg/parallelalpha,Parallel Alpha,parallelalpha,""
33418505,10111,"Soleia, Disciple of Gaffar",510000000000000000,successful,"",2021-11-12T21:30:10,1,0x76be3b62873462d2142405439777e971754e8e77,2021-02-26T03:34:03.730090,parallel,ERC1155,"",https://discord.gg/parallelalpha,Parallel Alpha,parallelalpha,""
33418335,10110,"Parallel Masterpiece // Alpha // Soleia, Disciple of Gaffar","","","","","",0x76be3b62873462d2142405439777e971754e8e77,2021-02-26T03:34:03.730090,parallel,ERC1155,"",https://discord.gg/parallelalpha,Parallel Alpha,parallelalpha,""
33417895,10109,Marcolian Bannerman [SE],46999000000000000,successful,"",2021-11-12T00:11:52,1,0x76be3b62873462d2142405439777e971754e8e77,2021-02-26T03:34:03.730090,parallel,ERC1155,"",https://discord.gg/parallelalpha,Parallel Alpha,parallelalpha,""
33417606,10108,Marcolian Bannerman,"","","","","",0x76be3b62873462d2142405439777e971754e8e77,2021-02-26T03:34:03.730090,parallel,ERC1155,"",https://discord.gg/parallelalpha,Parallel Alpha,parallelalpha,""
33417469,10107,Parallel Masterpiece // Alpha // Marcolian Bannerman,120000000000000000000,successful,"",2021-08-17T14:57:24,1,0x76be3b62873462d2142405439777e971754e8e77,2021-02-26T03:34:03.730090,parallel,ERC1155,"",https://discord.gg/parallelalpha,Parallel Alpha,parallelalpha,""
33416849,10106,Malachite Shield [SE],65000000000000000,successful,"",2021-11-12T03:11:33,1,0x76be3b62873462d2142405439777e971754e8e77,2021-02-26T03:34:03.730090,parallel,ERC1155,"",https://discord.gg/parallelalpha,Parallel Alpha,parallelalpha,""
33416730,10105,Malachite Shield,"","","","","",0x76be3b62873462d2142405439777e971754e8e77,2021-02-26T03:34:03.730090,parallel,ERC1155,"",https://discord.gg/parallelalpha,Parallel Alpha,parallelalpha,""
33416504,10104,Parallel Masterpiece // Alpha // Malachite Shield,11000000000000000000,successful,"",2021-08-02T17:12:02,1,0x76be3b62873462d2142405439777e971754e8e77,2021-02-26T03:34:03.730090,parallel,ERC1155,"",https://discord.gg/parallelalpha,Parallel Alpha,parallelalpha,""
33414372,10101,Parallel Masterpiece // Alpha // Void Crystal,135000000000000000000,successful,"",2021-08-19T00:15:37,1,0x76be3b62873462d2142405439777e971754e8e77,2021-02-26T03:34:03.730090,parallel,ERC1155,"",https://discord.gg/parallelalpha,Parallel Alpha,parallelalpha,""
32901374,10099,Parallel Masterpiece // Alpha // Demolecularize,169690000000000000000,successful,"",2021-09-02T14:15:23,1,0x76be3b62873462d2142405439777e971754e8e77,2021-02-26T03:34:03.730090,parallel,ERC1155,"",https://discord.gg/parallelalpha,Parallel Alpha,parallelalpha,""
32900728,10097,Parallel Masterpiece // Alpha // Lancer Tank,22500000000000000000,successful,"",2021-08-02T18:16:58,1,0x76be3b62873462d2142405439777e971754e8e77,2021-02-26T03:34:03.730090,parallel,ERC1155,"",https://discord.gg/parallelalpha,Parallel Alpha,parallelalpha,""
29363030,10092,Catalyst Drive,69690000000000000000,successful,"",2021-11-09T21:34:44,1,0x76be3b62873462d2142405439777e971754e8e77,2021-02-26T03:34:03.730090,parallel,ERC1155,"",https://discord.gg/parallelalpha,Parallel Alpha,parallelalpha,""
26806031,10091,Parallel Masterpiece // Alpha // Rug Poll,100000000000000000000,successful,"",2021-10-06T20:50:41,1,0x76be3b62873462d2142405439777e971754e8e77,2021-02-26T03:34:03.730090,parallel,ERC1155,"",https://discord.gg/parallelalpha,Parallel Alpha,parallelalpha,""
26758166,10090,Rug Poll,47200000000000000,successful,"",2021-11-12T06:11:56,1,0x76be3b62873462d2142405439777e971754e8e77,2021-02-26T03:34:03.730090,parallel,ERC1155,"",https://discord.gg/parallelalpha,Parallel Alpha,parallelalpha,""
26758093,10089,Rug Poll,70000000000000000,successful,"",2021-11-07T20:08:37,1,0x76be3b62873462d2142405439777e971754e8e77,2021-02-26T03:34:03.730090,parallel,ERC1155,"",https://discord.gg/parallelalpha,Parallel Alpha,parallelalpha,""
24987059,88,Graphene Batteries [SE],7000000000000000000,successful,"",2021-10-22T17:14:04,1,0x76be3b62873462d2142405439777e971754e8e77,2021-02-26T03:34:03.730090,parallel,ERC1155,"",https://discord.gg/parallelalpha,Parallel Alpha,parallelalpha,""
24975173,87,Prime Key,15306600000000000000,successful,"",2021-11-12T17:04:47,1,0x76be3b62873462d2142405439777e971754e8e77,2021-02-26T03:34:03.730090,parallel,ERC1155,"",https://discord.gg/parallelalpha,Parallel Alpha,parallelalpha,""
24974997,86,Gaffar's Peace Pipe [SE],9000000000000000000,successful,"",2021-10-24T13:20:13,1,0x76be3b62873462d2142405439777e971754e8e77,2021-02-26T03:34:03.730090,parallel,ERC1155,"",https://discord.gg/parallelalpha,Parallel Alpha,parallelalpha,""
24974831,85,Augencore Parallel Collectible Card Back [SE],12000000000000000000,successful,"",2021-08-03T15:00:07,1,0x76be3b62873462d2142405439777e971754e8e77,2021-02-26T03:34:03.730090,parallel,ERC1155,"",https://discord.gg/parallelalpha,Parallel Alpha,parallelalpha,""
24970744,82,The First Son of Mars [SE],"","","","","",0x76be3b62873462d2142405439777e971754e8e77,2021-02-26T03:34:03.730090,parallel,ERC1155,"",https://discord.gg/parallelalpha,Parallel Alpha,parallelalpha,""
24970603,81,Shroud Parallel Collectible Card Back [SE],3000000000000000000,successful,"",2021-11-08T21:41:08,1,0x76be3b62873462d2142405439777e971754e8e77,2021-02-26T03:34:03.730090,parallel,ERC1155,"",https://discord.gg/parallelalpha,Parallel Alpha,parallelalpha,""
24970414,80,Marcolian Parallel Collectible Card Back [SE],15000000000000000000,successful,"",2021-11-05T20:54:46,1,0x76be3b62873462d2142405439777e971754e8e77,2021-02-26T03:34:03.730090,parallel,ERC1155,"",https://discord.gg/parallelalpha,Parallel Alpha,parallelalpha,""
24970033,79,Kathari Parallel Collectible Card Back [SE],"","","","","",0x76be3b62873462d2142405439777e971754e8e77,2021-02-26T03:34:03.730090,parallel,ERC1155,"",https://discord.gg/parallelalpha,Parallel Alpha,parallelalpha,""
24969918,78,Earthen Parallel Collectible Card Back [SE],14499999000000000000,successful,"",2021-11-01T22:32:41,1,0x76be3b62873462d2142405439777e971754e8e77,2021-02-26T03:34:03.730090,parallel,ERC1155,"",https://discord.gg/parallelalpha,Parallel Alpha,parallelalpha,""
24969568,76,Cytokinesis [SE],6000000000000000000,successful,"",2021-11-11T12:58:23,1,0x76be3b62873462d2142405439777e971754e8e77,2021-02-26T03:34:03.730090,parallel,ERC1155,"",https://discord.gg/parallelalpha,Parallel Alpha,parallelalpha,""
24969569,74,Synchronicity [SE],2250000000000000000,successful,"",2021-11-11T02:19:53,1,0x76be3b62873462d2142405439777e971754e8e77,2021-02-26T03:34:03.730090,parallel,ERC1155,"",https://discord.gg/parallelalpha,Parallel Alpha,parallelalpha,""
24969570,73,Recon [SE],4500000000000000000,successful,"",2021-10-29T14:51:17,1,0x76be3b62873462d2142405439777e971754e8e77,2021-02-26T03:34:03.730090,parallel,ERC1155,"",https://discord.gg/parallelalpha,Parallel Alpha,parallelalpha,""
24969566,72,Ashes to Ashes [SE],30700000000000000000,successful,"",2021-08-20T21:47:34,1,0x76be3b62873462d2142405439777e971754e8e77,2021-02-26T03:34:03.730090,parallel,ERC1155,"",https://discord.gg/parallelalpha,Parallel Alpha,parallelalpha,""
24940387,70,Kethtrexamine [SE],5000000000000000000,successful,"",2021-09-13T17:51:12,1,0x76be3b62873462d2142405439777e971754e8e77,2021-02-26T03:34:03.730090,parallel,ERC1155,"",https://discord.gg/parallelalpha,Parallel Alpha,parallelalpha,""
24939142,69,Aurora Fungi [SE],3400000000000000000,successful,"",2021-11-09T11:57:49,1,0x76be3b62873462d2142405439777e971754e8e77,2021-02-26T03:34:03.730090,parallel,ERC1155,"",https://discord.gg/parallelalpha,Parallel Alpha,parallelalpha,""
24939141,68,Orbital Strike [SE],28000000000000000000,successful,"",2021-09-05T08:30:27,1,0x76be3b62873462d2142405439777e971754e8e77,2021-02-26T03:34:03.730090,parallel,ERC1155,"",https://discord.gg/parallelalpha,Parallel Alpha,parallelalpha,""
24939140,67,Neutron Bomb [SE],5000000000000000000,successful,"",2021-11-03T13:24:17,1,0x76be3b62873462d2142405439777e971754e8e77,2021-02-26T03:34:03.730090,parallel,ERC1155,"",https://discord.gg/parallelalpha,Parallel Alpha,parallelalpha,""
24938206,66,Artillery Volley [SE],16000000000000000000,successful,"",2021-08-31T06:39:27,1,0x76be3b62873462d2142405439777e971754e8e77,2021-02-26T03:34:03.730090,parallel,ERC1155,"",https://discord.gg/parallelalpha,Parallel Alpha,parallelalpha,""
24937902,65,Revitalizing Growth [SE],5000000000000000000,successful,"",2021-11-02T02:20:39,1,0x76be3b62873462d2142405439777e971754e8e77,2021-02-26T03:34:03.730090,parallel,ERC1155,"",https://discord.gg/parallelalpha,Parallel Alpha,parallelalpha,""
24937613,64,Archivist's Pride [SE],4200000000000000000,successful,"",2021-11-10T14:49:49,1,0x76be3b62873462d2142405439777e971754e8e77,2021-02-26T03:34:03.730090,parallel,ERC1155,"",https://discord.gg/parallelalpha,Parallel Alpha,parallelalpha,""
24827390,63,Parallel Masterpiece // Alpha // Amperage,33350000000000000000,successful,"",2021-07-28T02:10:10,1,0x76be3b62873462d2142405439777e971754e8e77,2021-02-26T03:34:03.730090,parallel,ERC1155,"",https://discord.gg/parallelalpha,Parallel Alpha,parallelalpha,""
24823656,62,Parallel Masterpiece // Alpha // Paradox,1500000000000000000,successful,"",2021-05-16T21:02:29,1,0x76be3b62873462d2142405439777e971754e8e77,2021-02-26T03:34:03.730090,parallel,ERC1155,"",https://discord.gg/parallelalpha,Parallel Alpha,parallelalpha,""
24823335,61,Parallel Masterpiece // Alpha // Entropy's Reach,5125017649795648159,successful,"",2021-07-17T04:16:32,1,0x76be3b62873462d2142405439777e971754e8e77,2021-02-26T03:34:03.730090,parallel,ERC1155,"",https://discord.gg/parallelalpha,Parallel Alpha,parallelalpha,""
24815172,60,Parallel Masterpiece // Alpha // The First Son of Mars,27000000000000000000,successful,"",2021-08-02T23:22:45,1,0x76be3b62873462d2142405439777e971754e8e77,2021-02-26T03:34:03.730090,parallel,ERC1155,"",https://discord.gg/parallelalpha,Parallel Alpha,parallelalpha,""
23328798,59,Parallel Masterpiece // Alpha // Artillery Volley,1823259375000000000,successful,"",2021-05-09T21:12:27,1,0x76be3b62873462d2142405439777e971754e8e77,2021-02-26T03:34:03.730090,parallel,ERC1155,"",https://discord.gg/parallelalpha,Parallel Alpha,parallelalpha,""
23328786,58,Parallel Masterpiece // Alpha // Cytokinesis,195000000000000000000,successful,"",2021-08-28T10:01:17,1,0x76be3b62873462d2142405439777e971754e8e77,2021-02-26T03:34:03.730090,parallel,ERC1155,"",https://discord.gg/parallelalpha,Parallel Alpha,parallelalpha,""
23327052,57,Parallel Masterpiece // Alpha // Orbital Strike,2216183165683594000,successful,"",2021-05-08T22:02:30,1,0x76be3b62873462d2142405439777e971754e8e77,2021-02-26T03:34:03.730090,parallel,ERC1155,"",https://discord.gg/parallelalpha,Parallel Alpha,parallelalpha,""
23326605,56,Parallel Masterpiece // Alpha // Graphene Batteries,1500000000000000000,successful,"",2021-05-08T21:13:13,1,0x76be3b62873462d2142405439777e971754e8e77,2021-02-26T03:34:03.730090,parallel,ERC1155,"",https://discord.gg/parallelalpha,Parallel Alpha,parallelalpha,""
22938703,55,Parallel Masterpiece // Alpha // Kethtrexamine,3000000000000000000,successful,"",2021-06-14T15:22:14,1,0x76be3b62873462d2142405439777e971754e8e77,2021-02-26T03:34:03.730090,parallel,ERC1155,"",https://discord.gg/parallelalpha,Parallel Alpha,parallelalpha,""
22938450,54,Parallel Masterpiece // Alpha // Synchronicity,3150000000000000000,successful,"",2021-06-14T15:18:52,1,0x76be3b62873462d2142405439777e971754e8e77,2021-02-26T03:34:03.730090,parallel,ERC1155,"",https://discord.gg/parallelalpha,Parallel Alpha,parallelalpha,""
22877209,52,Parallel Masterpiece // Alpha // The Priming,7500000000000000000,successful,"",2021-05-01T21:12:41,1,0x76be3b62873462d2142405439777e971754e8e77,2021-02-26T03:34:03.730090,parallel,ERC1155,"",https://discord.gg/parallelalpha,Parallel Alpha,parallelalpha,""
22877177,51,Parallel Masterpiece // Alpha // Genetic Correction,3000000000000000000,successful,"",2021-06-14T15:20:04,1,0x76be3b62873462d2142405439777e971754e8e77,2021-02-26T03:34:03.730090,parallel,ERC1155,"",https://discord.gg/parallelalpha,Parallel Alpha,parallelalpha,""
22715909,50,Parallel Masterpiece // Alpha // Gaffar's Peace Pipe,4200000000000000000,successful,"",2021-06-14T16:01:32,1,0x76be3b62873462d2142405439777e971754e8e77,2021-02-26T03:34:03.730090,parallel,ERC1155,"",https://discord.gg/parallelalpha,Parallel Alpha,parallelalpha,""
22715910,49,Parallel Masterpiece // Alpha // Archivist's Pride,3000000000000000000,successful,"",2021-06-14T15:18:43,1,0x76be3b62873462d2142405439777e971754e8e77,2021-02-26T03:34:03.730090,parallel,ERC1155,"",https://discord.gg/parallelalpha,Parallel Alpha,parallelalpha,""
22635314,48,Parallel Masterpiece // Alpha // Ashes to Ashes,360000000000000000000,successful,"",2021-08-26T21:10:33,1,0x76be3b62873462d2142405439777e971754e8e77,2021-02-26T03:34:03.730090,parallel,ERC1155,"",https://discord.gg/parallelalpha,Parallel Alpha,parallelalpha,""
22432411,47,Parallel Masterpiece // Alpha // Neutron Bomb,58000000000000000000,successful,"",2021-08-03T05:01:28,1,0x76be3b62873462d2142405439777e971754e8e77,2021-02-26T03:34:03.730090,parallel,ERC1155,"",https://discord.gg/parallelalpha,Parallel Alpha,parallelalpha,""
22432227,46,Parallel Masterpiece // Alpha // Revitalizing Growth,95000000000000000000,successful,"",2021-08-15T08:21:21,1,0x76be3b62873462d2142405439777e971754e8e77,2021-02-26T03:34:03.730090,parallel,ERC1155,"",https://discord.gg/parallelalpha,Parallel Alpha,parallelalpha,""
22432012,45,Parallel Masterpiece // Alpha // Recon,5775000000000000000,successful,"",2021-06-14T15:52:50,1,0x76be3b62873462d2142405439777e971754e8e77,2021-02-26T03:34:03.730090,parallel,ERC1155,"",https://discord.gg/parallelalpha,Parallel Alpha,parallelalpha,""
21082502,42,Earthen Parallel Concept Art [SE],20000000000000000000,successful,"",2021-08-08T00:19:03,1,0x76be3b62873462d2142405439777e971754e8e77,2021-02-26T03:34:03.730090,parallel,ERC1155,"",https://discord.gg/parallelalpha,Parallel Alpha,parallelalpha,""
20561765,41,The First Son of Mars,60000000000000000000,successful,"",2021-08-16T02:42:26,1,0x76be3b62873462d2142405439777e971754e8e77,2021-02-26T03:34:03.730090,parallel,ERC1155,"",https://discord.gg/parallelalpha,Parallel Alpha,parallelalpha,""
20441013,40,Shroud Parallel Collectible Card Back,1100000000000000000,successful,"",2021-11-08T22:54:56,1,0x76be3b62873462d2142405439777e971754e8e77,2021-02-26T03:34:03.730090,parallel,ERC1155,"",https://discord.gg/parallelalpha,Parallel Alpha,parallelalpha,""
20440829,39,Marcolian Parallel Collectible Card Back,780000000000000000,successful,"",2021-11-12T12:57:50,1,0x76be3b62873462d2142405439777e971754e8e77,2021-02-26T03:34:03.730090,parallel,ERC1155,"",https://discord.gg/parallelalpha,Parallel Alpha,parallelalpha,""
20440768,38,Kathari Parallel Collectible Card Back,990000000000000000,successful,"",2021-11-12T15:13:03,1,0x76be3b62873462d2142405439777e971754e8e77,2021-02-26T03:34:03.730090,parallel,ERC1155,"",https://discord.gg/parallelalpha,Parallel Alpha,parallelalpha,""
20440732,37,Earthen Parallel Collectible Card Back,1600000000000000000,successful,"",2021-11-10T02:53:29,1,0x76be3b62873462d2142405439777e971754e8e77,2021-02-26T03:34:03.730090,parallel,ERC1155,"",https://discord.gg/parallelalpha,Parallel Alpha,parallelalpha,""
20440716,36,Augencore Parallel Collectible Card Back,950100000000000000,successful,"",2021-11-11T17:06:40,1,0x76be3b62873462d2142405439777e971754e8e77,2021-02-26T03:34:03.730090,parallel,ERC1155,"",https://discord.gg/parallelalpha,Parallel Alpha,parallelalpha,""
20440539,35,Marcolian Space Station Concept Art,"","","","","",0x76be3b62873462d2142405439777e971754e8e77,2021-02-26T03:34:03.730090,parallel,ERC1155,"",https://discord.gg/parallelalpha,Parallel Alpha,parallelalpha,""
20437841,34,Augencore Mech Concept Art,"","","","","",0x76be3b62873462d2142405439777e971754e8e77,2021-02-26T03:34:03.730090,parallel,ERC1155,"",https://discord.gg/parallelalpha,Parallel Alpha,parallelalpha,""
20436844,33,Group Parallel Concept Art,"","","","","",0x76be3b62873462d2142405439777e971754e8e77,2021-02-26T03:34:03.730090,parallel,ERC1155,"",https://discord.gg/parallelalpha,Parallel Alpha,parallelalpha,""
20436793,31,Shroud Parallel Concept Art,14000000000000000000,successful,"",2021-08-17T20:27:17,1,0x76be3b62873462d2142405439777e971754e8e77,2021-02-26T03:34:03.730090,parallel,ERC1155,"",https://discord.gg/parallelalpha,Parallel Alpha,parallelalpha,""
20436786,30,Augencore Parallel Concept Art,"","","","","",0x76be3b62873462d2142405439777e971754e8e77,2021-02-26T03:34:03.730090,parallel,ERC1155,"",https://discord.gg/parallelalpha,Parallel Alpha,parallelalpha,""
20436708,29,Earthen Parallel Concept Art,"","","","","",0x76be3b62873462d2142405439777e971754e8e77,2021-02-26T03:34:03.730090,parallel,ERC1155,"",https://discord.gg/parallelalpha,Parallel Alpha,parallelalpha,""
20436706,28,Kathari Parallel Concept Art,30000000000000000000,successful,"",2021-08-21T17:49:25,1,0x76be3b62873462d2142405439777e971754e8e77,2021-02-26T03:34:03.730090,parallel,ERC1155,"",https://discord.gg/parallelalpha,Parallel Alpha,parallelalpha,""
20436710,27,Marcolian Parallel Concept Art,"","","","","",0x76be3b62873462d2142405439777e971754e8e77,2021-02-26T03:34:03.730090,parallel,ERC1155,"",https://discord.gg/parallelalpha,Parallel Alpha,parallelalpha,""
20339487,20,Cytokinesis,10000000000000000,successful,"",2021-11-12T12:11:44,1,0x76be3b62873462d2142405439777e971754e8e77,2021-02-26T03:34:03.730090,parallel,ERC1155,"",https://discord.gg/parallelalpha,Parallel Alpha,parallelalpha,""
20339340,19,Gaffar's Peace Pipe,300000000000000000,successful,"",2021-11-09T12:28:23,1,0x76be3b62873462d2142405439777e971754e8e77,2021-02-26T03:34:03.730090,parallel,ERC1155,"",https://discord.gg/parallelalpha,Parallel Alpha,parallelalpha,""
20339237,18,Synchronicity,950000000000000000,successful,"",2021-11-02T11:17:12,1,0x76be3b62873462d2142405439777e971754e8e77,2021-02-26T03:34:03.730090,parallel,ERC1155,"",https://discord.gg/parallelalpha,Parallel Alpha,parallelalpha,""
20339168,17,Recon,512500000000000000,successful,"",2021-11-09T21:58:09,1,0x76be3b62873462d2142405439777e971754e8e77,2021-02-26T03:34:03.730090,parallel,ERC1155,"",https://discord.gg/parallelalpha,Parallel Alpha,parallelalpha,""
20339022,16,Ashes to Ashes,9600000000000000,successful,"",2021-11-12T05:01:19,1,0x76be3b62873462d2142405439777e971754e8e77,2021-02-26T03:34:03.730090,parallel,ERC1155,"",https://discord.gg/parallelalpha,Parallel Alpha,parallelalpha,""
20339021,15,Graphene Batteries,2250000000000000000,successful,"",2021-11-12T16:30:58,1,0x76be3b62873462d2142405439777e971754e8e77,2021-02-26T03:34:03.730090,parallel,ERC1155,"",https://discord.gg/parallelalpha,Parallel Alpha,parallelalpha,""
20338780,14,Kethtrexamine,254000000000000000,successful,"",2021-11-11T17:27:30,1,0x76be3b62873462d2142405439777e971754e8e77,2021-02-26T03:34:03.730090,parallel,ERC1155,"",https://discord.gg/parallelalpha,Parallel Alpha,parallelalpha,""
20338405,13,Aurora Fungi,1000000000000000000,successful,"",2021-11-10T23:27:19,1,0x76be3b62873462d2142405439777e971754e8e77,2021-02-26T03:34:03.730090,parallel,ERC1155,"",https://discord.gg/parallelalpha,Parallel Alpha,parallelalpha,""
20338256,12,Orbital Strike,8900000000000000,successful,"",2021-11-12T23:29:17,1,0x76be3b62873462d2142405439777e971754e8e77,2021-02-26T03:34:03.730090,parallel,ERC1155,"",https://discord.gg/parallelalpha,Parallel Alpha,parallelalpha,""
20338255,11,Neutron Bomb,210000000000000000,successful,"",2021-11-11T04:34:49,1,0x76be3b62873462d2142405439777e971754e8e77,2021-02-26T03:34:03.730090,parallel,ERC1155,"",https://discord.gg/parallelalpha,Parallel Alpha,parallelalpha,""
20338254,10,Artillery Volley,100000000000000000,successful,"",2021-11-13T02:52:27,1,0x76be3b62873462d2142405439777e971754e8e77,2021-02-26T03:34:03.730090,parallel,ERC1155,"",https://discord.gg/parallelalpha,Parallel Alpha,parallelalpha,""
20337735,9,Revitalizing Growth,750000000000000000,successful,"",2021-11-10T13:27:28,1,0x76be3b62873462d2142405439777e971754e8e77,2021-02-26T03:34:03.730090,parallel,ERC1155,"",https://discord.gg/parallelalpha,Parallel Alpha,parallelalpha,""
20337389,8,Archivist's Pride,1350000000000000000,successful,"",2021-11-08T20:16:29,1,0x76be3b62873462d2142405439777e971754e8e77,2021-02-26T03:34:03.730090,parallel,ERC1155,"",https://discord.gg/parallelalpha,Parallel Alpha,parallelalpha,""
20337029,7,The Priming,26000000000000000000,successful,"",2021-03-27T05:19:58,1,0x76be3b62873462d2142405439777e971754e8e77,2021-02-26T03:34:03.730090,parallel,ERC1155,"",https://discord.gg/parallelalpha,Parallel Alpha,parallelalpha,""
